S.No,State,Locality,Directions,Assistance ,No.of Slots
1,Alabama,AthensAL Supercharger, 21282 Athens-Limestone Blvd Athens AL, Roadside Assistance: (877) 798-3752,8
2,Alabama,Auburn Alabama Supercharger, 1627 Opelika Road Auburn AL 36830, Roadside Assistance: (877) 798-3752,6
3,Alabama,Birmingham AL Supercharger, 2221 Richard Arrington Junior Blvd Birmingham AL 35203-1103, Roadside Assistance: (877) 798-3752,8
4,Alabama,Dothan AL Tesla Supercharger, Dothan AL ,,
5,Alabama,Greenville Supercharger, 219 Interstate Drive Greenville AL 36037, Roadside Assistance: (877) 798-3752,6
6,Alabama,Mobile Supercharger, 3201 Airport Blvd Mobile AL 36606, Roadside Assistance: (877) 798-3752,8
7,Alabama,Montgomery AL Tesla Supercharger, Montgomery AL ,,
8,Alabama,Oxford AL Supercharger, 1105 Oxford Exchange Blvd Oxford AL 36203-0000, Roadside Assistance: (877) 798-3752,12
9,Alabama,Steele Supercharger, 905 Steele Station Road Steele AL 35987, Roadside Assistance: (877) 798-3752,8
10,Alabama,Tuscaloosa AL Tesla Supercharger, Tuscaloosa AL ,,
11,Arizona,Buckeye AZ Supercharger, 416 S Watson Rd Buckeye AZ 85326, Roadside Assistance: (877) 798-3752,8
12,Arizona,Casa Grande AZ Supercharger, 2453 E. Florence Blvd. Casa Grande AZ 85194, Roadside Assistance: (877) 798-3752,6
13,Arizona,Cordes Lakes AZ Supercharger, 14925 Cordes Lakes Rd Mayer AZ 86333, Roadside Assistance: (877) 798-3752,8
14,Arizona,Flagstaff AZ Supercharger, 2650 South Beulah Blvd Flagstaff AZ 86001, Roadside Assistance: (877) 798-3752,12
15,Arizona,Gila Bend AZ Supercharger, 826 W Pima St. Gila Bend AZ 85337, Roadside Assistance: (877) 798-3752,8
16,Arizona,Globe AZ Tesla Supercharger, Globe AZ ,,
17,Arizona,Holbrook AZ Supercharger, 2096 Navajo Blvd Holbrook AZ 86025, Roadside Assistance: (877) 798-3752,4
18,Arizona,Kayenta AZ Tesla Supercharger, Kayenta AZ ,,
19,Arizona,Kingman AZ Supercharger, 789 W Beale St Kingman AZ 86401, Roadside Assistance: (877) 798-3752,6
20,Arizona,Page Supercharger, 600 Clubhouse Drive Page AZ 86040, Roadside Assistance: (877) 798-3752,8
21,Arizona,Payson AZ Tesla Supercharger, Payson AZ ,,
22,Arizona,Phoenix AZ Tesla Supercharger, Phoenix AZ ,,
23,Arizona,Phoenix AZ - Agua Fria Freeway Supercharger, 2805 Agua Fria Fwy Phoenix 85027-3938, Roadside Assistance: (877) 798-3752,16
24,Arizona,Phoenix AZ - East Camelback Road Supercharger, 2502 East Camelback Road Phoenix 85016-4254, Roadside Assistance: (877) 798-3752,12
25,Arizona,Quartzsite AZ Supercharger, 1451 West Main St Quartzsite AZ 85346, Roadside Assistance: (877) 798-3752,8
26,Arizona,Scottsdale AZ - N. Scottsdale Road Supercharger, 15059 N. Scottsdale Rd Scottsdale AZ 85254-2421, Roadside Assistance: (877) 798-3752,16
27,Arizona,Sedona AZ Supercharger, 7000 AZ-179 Sedona AZ 86351, Roadside Assistance: (877) 798-3752,14
28,Arizona,Tucson AZ - East Skyline Drive Supercharger, 2905 East Skyline Drive Tucson AZ 85718, Roadside Assistance: (877) 798-3752,10
29,Arizona,Tucson AZ Supercharger, 9255 S Rita Rd Tucson AZ 85747, Roadside Assistance: (877) 798-3752,10
30,Arizona,Wickenburg AZ Supercharger, 155 N Tegner Wickenburg AZ 85390, Roadside Assistance: (877) 798-3752,6
31,Arizona,Willcox AZ Supercharger, 1251 Virginia Avenue Willcox 85643-1022, Roadside Assistance: (877) 798-3752,8
32,Arizona,Yuma AZ Supercharger, 310 N Madison Ave Yuma AZ 85364, Roadside Assistance: (877) 798-3752,8
33,Arkansas,Arkadelphia AR Tesla Supercharger, Arkadelphia AR ,,
34,Arkansas,Bentonville AR Tesla Supercharger ,Bentonville AR ,,
35,Arkansas,Blytheville AR Tesla Supercharger, Blytheville AR ,,
36,Arkansas,Clarksville AR Tesla Supercharger, Clarksville AR ,,
37,Arkansas,Forrest City AR Tesla Supercharger, Forrest City AR ,,
38,Arkansas,Fort Smith AR Tesla Supercharger, Fort Smith AR ,,
39,Arkansas,Little Rock Supercharger, 11201 Bass Pro Parkway Little Rock AR, Roadside Assistance: (877) 798-3752,10
40,California,Adin CA Tesla Supercharger, Adin CA ,,
41,California,Alameda CA Tesla Supercharger, Alameda CA ,,
42,California,Almaden CA Tesla Supercharger, Almaden CA ,,
43,California,Anaheim CA Tesla Supercharger, Anaheim CA ,,
44,California,Antioch CA Tesla Supercharger, Antioch CA ,,
45,California,Atascadero CA Supercharger, 6950 El Camino Real Atascadero CA 93422, Roadside Assistance: (877) 798-3752,8
46,California,Baker, CA Supercharger 71808 Baker Blvd Baker CA 92309-0000, Roadside Assistance: (877) 798-3752,40
47,California,Bakersfield Supercharger, 29541 Stockdale Hwy Bakersfield CA 93314, Roadside Assistance: (877) 798-3752,10
48,California,Bakersfield CA Tesla Supercharger, Bakersfield CA ,,
49,California,Barstow Supercharger, 2812 Lenwood Road Barstow CA 92311, Roadside Assistance: (877) 798-3752,16
50,California,Beverly Hills CA Tesla Supercharger, Beverly Hills CA ,,
51,California,Big Sur CA Tesla Supercharger, Big Sur CA ,,
52,California,Bishop CA Tesla Supercharger, Bishop CA ,,
53,California,Brea CA Tesla Supercharger, Brea CA ,,
54,California,Buellton CA Supercharger, 555 McMurray Rd Buellton CA 93427, Roadside Assistance: (877) 798-3752,10
55,California,Buena Park Supercharger, 6692 Auto Center Drive Buena Park CA 90621, Roadside Assistance: (877) 798-3752,8
56,California,Burbank North Third Street, 495 North Third Street Burbank CA 91502, Roadside Assistance: (877) 798-3752,20
57,California,Buttonwillow Supercharger, 20673 Tracy Ave Buttonwillow CA 93206, Roadside Assistance: (877) 798-3752,10
58,California,Cabazon Supercharger, 48400 Seminole Drive Cabazon CA 92230, Roadside Assistance: (877) 798-3752,16
59,California,Calabasas CA Tesla Supercharger, Calabasas CA ,,
60,California,Cambria CA Tesla Supercharger, Cambria CA ,,
61,California,Carlsbad CA Tesla Supercharger, Carlsbad CA ,,
62,California,Carmel Mountain CA Tesla Supercharger, Carmel Mountain CA ,,
63,California,Castro Valley CA Tesla Supercharger, Castro Valley CA ,,
64,California,Cerritos CA Tesla Supercharger, Cerritos CA ,,
65,California,Chico CA Tesla Supercharger, Chico CA ,,
66,California,Chino Hills CA Tesla Supercharger, Chino Hills CA ,,
67,California,Chula Vista CA Tesla Supercharger, Chula Vista CA ,,
68,California,Commerce CA Tesla Supercharger, Commerce CA ,,
69,California,Concord CA Supercharger, 2001 Diamond Blvd Concord 94520, Roadside Assistance: (877) 798-3752,19
70,California,Corning CA Supercharger, 950 Hwy 99 W Corning CA 96021, Roadside Assistance: (877) 798-3752,6
71,California,Corona CA Tesla Supercharger, Corona CA ,,
72,California,Costa Mesa CA Tesla Supercharger, Costa Mesa CA ,,
73,California,Crescent City Supercharger, 1000 Front Street Crescent City CA 95531, Roadside Assistance: (877) 798-3752,6
74,California,Culver City Supercharger, 6000 Sepulveda Blvd. Culver City CA 90230, Roadside Assistance: (877) 798-3752,16
75,California,Cupertino CA Supercharger, 19500 Vallco Parkway Cupertino 95014-0000, Roadside Assistance: (877) 798-3752,10
76,California,Daly City CA Tesla Supercharger, Daly City CA ,,
77,California,Dana Point CA Tesla Supercharger, Dana Point CA ,,
78,California,Del Mar CA Tesla Supercharger, Del Mar CA ,,
79,California,Downey CA - Lakewood Boulevard Supercharger, 9500 Lakewood Boulevard Downey CA 90240-3307, Roadside Assistance: (877) 798-3752,12
80,California,Dublin CA Tesla Supercharger, Dublin CA ,,
81,California,Dublin-Amador Plaza, 6701 Amador Plaza Road Dublin CA 94568 , Roadside Assistance: (877) 798-3752,14
82,California,El Cajon CA Tesla Supercharger, El Cajon CA ,,
83,California,El Centro Supercharger, 3551 S Dogwood Rd El Centro CA 92243, Roadside Assistance: (877) 798-3752,8
84,California,Emeryville CA Tesla Supercharger, Emeryville CA ,,
85,California,Escondido CA Tesla Supercharger, Escondido CA ,,
86,California,Eureka Supercharger, 3300 Broadway St. Eureka CA 95501, Roadside Assistance: (877) 798-3752,8
87,California,Fairfield CA - Travis Blvd Supercharger, 1350 Travis Blvd Fairfield CA 94533-3432, Roadside Assistance: (877) 798-3752,12
88,California,Fish Camp Supercharger, 1122 Highway 41 Fish Camp CA 93623, Roadside Assistance: (877) 798-3752,8
89,California,Folsom  Palladio Parkway Supercharger, 220 Palladio Parkway Folsom CA 95630, Roadside Assistance: (877) 798-3752,10
90,California,Folsom CA Tesla Supercharger, Folsom CA ,,
91,California,Folsom CA - Iron Point Road Supercharger, 220 Iron Point Rd Folsom CA 95630, Roadside Assistance: (877) 798-3752,4
92,California,Fontana CA Tesla Supercharger, Fontana CA ,,
93,California,Fountain Valley Supercharger, 17940 Newhope St Fountain Valley CA 92708, Roadside Assistance: (877) 798-3752,16
94,California,Fremont, 45500 Fremont Blvd Fremont CA 94538, Roadside Assistance: (877) 798-3752,12
95,California,Fremont CA - 39201 Fremont Blvd Supercharger, 39201 Fremont Blvd Fremont CA 94538-1301, Roadside Assistance: (877) 798-3752,12
96,California,Fresno Supercharger, 6709 N Riverside Dr Fresno CA 93722, Roadside Assistance: (877) 798-3752,10
97,California,Fresno CA Tesla Supercharger, Fresno CA ,,
98,California,Gilroy CA Supercharger, Gilroy Premium Outlets Gilroy CA 95020, Roadside Assistance: (877) 798-3752,16
99,California,Glendale CA Supercharger, 899 Americana Way Glendale CA 91210, Roadside Assistance: (877) 798-3752,20
100,California,Greenville CA Tesla Supercharger, Greenville CA ,,
101,California,Groveland Supercharger, 11875 Ponderosa Lane Groveland CA 95321, Roadside Assistance: (877) 798-3752,7
102,California,Gustine Supercharger, 12411 CA-33 Gustine CA 95322, Roadside Assistance: (877) 798-3752,12
103,California,Half Moon Bay CA Tesla Supercharger, Half Moon Bay CA ,,
104,California,Harris Ranch Supercharger, 24505 W Dorris Ave Coalinga CA 93210, Roadside Assistance: (877) 798-3752,18
105,California,Hayward CA Tesla Supercharger, Hayward CA ,,
106,California,Hesperia CA Tesla Supercharger, Hesperia CA ,,
107,California,Highland CA Tesla Supercharger, Highland CA ,,
108,California,Hollister CA Supercharger, 10021 Pacheco Pass Hwy Hollister CA 95023-9541, Roadside Assistance: (877) 798-3752,20
109,California,Hollywood CA Tesla Supercharger, Hollywood CA ,,
110,California,Huntington Beach CA Tesla Supercharger, Huntington Beach CA ,,
111,California,Indio Supercharger, 42100 Jackson St Indio CA 92203, Roadside Assistance: (877) 798-3752,8
112,California,Indio CA Tesla Supercharger, Indio CA ,,
113,California,Inyokern Supercharger, 1353 Brown Road Inyokern CA 93527, Roadside Assistance: (877) 798-3752,4
114,California,Irvine, CA Tesla Supercharger Irvine CA ,,
115,California,Kettleman City CA Supercharger, 27675 Bernard Drive Kettleman City CA 93239, Roadside Assistance: (877) 798-3752,40
116,California,Kirkwood CA Tesla Supercharger, Kirkwood CA ,,
117,California,Kramer Junction CA Tesla Supercharger, Kramer Junction CA ,,
118,California,Lake Elsinore CA Supercharger, 17600 Collier Avenue Lake Elsinore CA 92530, Roadside Assistance: (877) 798-3752,21
119,California,Lakewood CA Tesla Supercharger, Lakewood CA ,,
120,California,Laytonville CA Tesla Supercharger, Laytonville CA ,,
121,California,Livermore CA Tesla Supercharger, Livermore CA ,,
122,California,Lone Pine Supercharger, 701 S Main St Lone Pine CA 93545, Roadside Assistance: (877) 798-3752,4
123,California,Long Beach CA Tesla Supercharger, Long Beach CA ,,
124,California,Los Altos CA Tesla Supercharger, Los Altos CA ,,
125,California,Los Angeles Supercharger, 1 Rocket Rd Hawthorne CA 90250, Roadside Assistance: (877) 798-3752,12
126,California,Los Angeles CA - Downtown Tesla Supercharger, Los Angeles CA ,,
127,California,Los Gatos CA Tesla Supercharger, Los Gatos CA ,,
128,California,Malibu CA Tesla Supercharger, Malibu CA ,,
129,California,Mammoth Lakes Supercharger, 1475 Tavern Road Mammoth Lakes CA 93546, Roadside Assistance: (877) 798-3752,8
130,California,Manhattan Beach CA Tesla Supercharger, Manhattan Beach CA ,,
131,California,Manteca Supercharger, 960 Perimeter Dr Manteca CA 95337, Roadside Assistance: (877) 798-3752,20
132,California,Marin City CA Tesla Supercharger, Marin City CA ,,
133,California,Marina Del Rey CA Tesla Supercharger, Marina Del Rey CA ,,
134,California,Mariposa CA Tesla Supercharger, Mariposa CA ,,
135,California,Mendocino CA Tesla Supercharger, Mendocino CA ,,
136,California,Merced CA Tesla Supercharger, Merced CA ,,
137,California,Milpitas CA Tesla Supercharger, Milpitas CA ,,
138,California,Mission Viejo CA Tesla Supercharger, Mission Viejo CA ,,
139,California,Mojave Supercharger, 16940 California 14 Mojave CA 93501, Roadside Assistance: (877) 798-3752,6
140,California,Mojave CA Tesla Supercharger, Mojave CA ,,
141,California,Montebello CA Tesla Supercharger, Montebello CA ,,
142,California,Monterey Supercharger, 1410 Del Monte Center Monterey CA 93940-6168, Roadside Assistance: (877) 798-3752,10
143,California,Monterey-Seaside, 1901 Del Monte Blvd Seaside CA 93955 , Roadside Assistance: (877) 798-3752,6
144,California,Moreno Valley CA Tesla Supercharger, Moreno Valley CA ,,
145,California,Mountain View Supercharger, 1401 N. Shoreline Blvd. Mountain View CA 94043, Roadside Assistance: (877) 798-3752,12
146,California,Mountain View CA Tesla Supercharger, Mountain View CA ,,
147,California,Mt. Shasta Supercharger, 111 Morgan Way Mt. Shasta CA 96067, Roadside Assistance: (877) 798-3752,4
148,California,Mt. Shasta CA - 134 Morgan Way Supercharger, 134 Morgan Way Mt. Shasta CA 96067-2501, Roadside Assistance: (877) 798-3752,16
149,California,Napa CA Supercharger, 221 Devlin Rd Napa CA 94558, Roadside Assistance: (877) 798-3752,12
150,California,Needles Supercharger, 2451 Needles HWY Needles CA 92363, Roadside Assistance: (877) 798-3752,4
151,California,Newell CA Tesla Supercharger, Newel CA ,,
152,California,Northridge CA Tesla Supercharger, Northridge CA ,,
153,California,Oakland CA Tesla Supercharger, Oakland CA ,,
154,California,Ojai CA Tesla Supercharger, Ojai CA ,,
155,California,Ontario CA Tesla Supercharger, Ontario CA ,,
156,California,Oxnard Supercharger, 2751 Park View Ct Oxnard CA 93036, Roadside Assistance: (877) 798-3752,18
157,California,Pacific Palisades CA Tesla Supercharger, Pacific Palisades CA ,,
158,California,Palm Desert CA Tesla Supercharger, Palm Desert CA ,,
159,California,Palm Springs, CA Tesla Supercharger Palm Springs CA ,,
160,California,Palmdale CA Tesla Supercharger, Palmdale CA ,,
161,California,Palo Alto CA Tesla Supercharger, Palo Alto CA ,,
162,California,Pasadena CA Tesla Supercharger, Pasadena CA ,,
163,California,Petaluma CA Supercharger,  401 Kenilworth Drive Petaluma CA 94952, Roadside Assistance: (877) 798-3752,20
164,California,Playa Vista CA Tesla Supercharger, Playa Vista CA ,,
165,California,Pomona CA Tesla Supercharger, Pomona CA ,,
166,California,Rancho Cucamonga Supercharger, 12642 Cultural Center Dr. Rancho Cucamonga CA 91739, Roadside Assistance: (877) 798-3752,12
167,California,Redding CA Tesla Supercharger, Redding CA ,,
168,California,Redondo Beach Supercharger, 2410 Marine Avenue Redondo Beach CA 90278, Roadside Assistance: (877) 798-3752,8
169,California,Redondo Beach CA Tesla Supercharger, Redondo Beach CA ,,
170,California,Richmond CA Tesla Supercharger, Richmond CA ,,
171,California,Riverside CA Supercharger, 3370 9th St Riverside 92501, Roadside Assistance: (877) 798-3752,24
172,California,Rohnert Park CA Tesla Supercharger, Rohnert Park CA ,,
173,California,Roseville CA Supercharger, 1151 Galleria Blvd Roseville CA 95678, Roadside Assistance: (877) 798-3752,7
174,California,Sacramento CA Tesla Supercharger, Sacramento CA ,,
175,California,Sacramento CA Supercharger, 3668 N. Freeway Blvd Sacramento CA 95834-0000, Roadside Assistance: (877) 798-3752,10
176,California,Sacramento-Rocklin, 4361 Granite Drive Rocklin CA 95677 , Roadside Assistance: (877) 798-3752,18
177,California,Salinas CA Supercharger, 1606 North Main Street Salinas CA 93906-5102, Roadside Assistance: (877) 798-3752,4
178,California,San Bernardino CA Supercharger, 500 Inland Center Drive San Bernardino CA 92408, Roadside Assistance: (877) 798-3752,14
179,California,San Carlos, CA Tesla Supercharger San Carlos CA ,,
180,California,San Clemente CA Supercharger, 101 West Avenida Vista Hermosa San Clemente CA 92672-7706, Roadside Assistance: (877) 798-3752,20
181,California,San Diego Supercharger, 10155 Pacific Heights Blvd San Diego CA 92121, Roadside Assistance: (877) 798-3752,12
182,California,San Diego CA Tesla Supercharger, San Diego CA ,,
183,California,San Diego CA (Mission Valley) Tesla Supercharger, San Diego CA ,,
184,California,San Diego CA - La Jolla Tesla Supercharger, San Diego CA ,,
185,California,San Dimas CA Tesla Supercharger, San Dimas CA ,,
186,California,San Francisco CA Tesla Supercharger, San Francisco CA ,,
187,California,San Francisco CA - Financial District Tesla Supercharger, San Francisco CA ,,
188,California,San Francisco CA - Mission Tesla Supercharger, San Francisco CA ,,
189,California,San Francisco CA - SOMA Tesla Supercharger, San Francisco CA ,,
190,California,San Jose (South) CA Tesla Supercharger, San Jose CA ,,
191,California,San Jose CA Tesla Supercharger, San Jose CA ,,
192,California,San Juan Capistrano CA Supercharger, 31971 Camino Capistrano San Juan Capistrano CA 92675, Roadside Assistance: (877) 798-3752,7
193,California,San Luis Obispo CA Supercharger, 100 Madonna Road San Luis Obispo CA 93405, Roadside Assistance: (877) 798-3752,10
194,California,San Mateo Supercharger, 1200 Park Place San Mateo CA 94403, Roadside Assistance: (877) 798-3752,8
195,California,San Mateo CA Tesla Supercharger, San Mateo CA ,,
196,California,San Mateo CA - Bridgepointe Pkwy Supercharger, 2220 Bridgepointe Pkwy San Mateo CA 94404-1569, Roadside Assistance: (877) 798-3752,12
197,California,San Rafael CA Tesla Supercharger, San Rafael CA ,,
198,California,San Ramon CA Tesla Supercharger, San Ramon CA ,,
199,California,San Ysidro CA Tesla Supercharger, San Ysidro CA ,,
200,California,Santa Ana Supercharger, 2800 N. Main Street Santa Ana CA 92705-6607, Roadside Assistance: (877) 798-3752,12
201,California,Santa Barbara CA Tesla Supercharger, Santa Barbara CA ,,
202,California,Santa Clara CA Tesla Supercharger, Santa Clara CA ,,
203,California,Santa Clarita CA Supercharger, 24061 Newhall Ranch Road Valencia CA 91355, Roadside Assistance: (877) 798-3752,24
204,California,Santa Cruz CA Tesla Supercharger, Santa Cruz CA ,,
205,California,Santa Monica CA Tesla Supercharger, Santa Monica CA ,,
206,California,Santa Rosa CA Tesla Supercharger, Santa Rosa CA ,,
207,California,Sherman Oaks CA Tesla Supercharger, Sherman Oaks CA ,,
208,California,Simi Valley CA Tesla Supercharger, Simi Valley CA ,,
209,California,Sonoma CA Tesla Supercharger, Sonoma CA ,,
210,California,Sonora CA Tesla Supercharger, Sonora CA ,,
211,California,South San Francisco CA Tesla Supercharger, South San Francisco CA ,,
212,California,Stockton CA Tesla Supercharger, Stockton CA ,,
213,California,Studio City CA Tesla Supercharger, Studio City CA ,,10
214,California,Sunnyvale CA - W. McKinley Ave Supercharger, 298 W. McKinley Ave Sunnyvale 94086-6193, Roadside Assistance: (877) 798-3752,
215,California,Susanville CA Tesla Supercharger, Susanville CA ,,
216,California,Tejon Ranch Supercharger, 5602 Dennis McCarthy Dr Lebec CA 93243, Roadside Assistance: (877) 798-3752,8
217,California,Temecula Supercharger, 40820 Winchester Rd. Temecula CA 92591, Roadside Assistance: (877) 798-3752,10
218,California,Thousand Oaks CA - East Thousand Oaks Boulevard Supercharger, 4000 East Thousand Oaks Boulevard Thousand Oaks 91362, Roadside Assistance: (877) 798-3752,24
219,California,Truckee Brockway Road Supercharger, 11209 Brockway Road Truckee CA 96161, Roadside Assistance: (877) 798-3752,8
220,California,Truckee Donner Pass Supercharger, 11290 Donner Pass Rd Truckee CA 96161, Roadside Assistance: (877) 798-3752,6
221,California,Truckee CA Tesla Supercharger, Truckee CA ,,
222,California,Tustin CA Tesla Supercharger, Tustin CA ,,
223,California,Twentynine Palms Supercharger, 73829 Baseline Road Twentynine Palms CA 92277-4125, Roadside Assistance: (877) 798-3752,8
224,California,Ukiah Supercharger, 250 W Clay St. Ukiah CA 95482, Roadside Assistance: (877) 798-3752,8
225,California,Vacaville Supercharger, 321 Nut Tree Road Vacaville CA 95687, Roadside Assistance: (877) 798-3752,16
226,California,Vallejo CA Tesla Supercharger, Vallejo CA ,,
227,California,Venice CA Tesla Supercharger, Venice CA ,,
228,California,Ventura CA Tesla Supercharger, Ventura CA ,,
229,California,Visalia CA Tesla Supercharger, Visalia CA ,,
230,California,Vista CA Tesla Supercharger, Vista CA ,,
231,California,Walnut Creek CA Tesla Supercharger, Walnut Creek CA ,,
232,California,Watsonville CA Tesla Supercharger, Watsonville CA ,,
233,California,West Covina CA Tesla Supercharger, West Covina CA ,,
234,California,Westminster CA Tesla Supercharger, Westminster CA ,,
235,California,Westwood CA Tesla Supercharger, Westwood CA ,,
236,California,Williams CA Tesla Supercharger, Williams CA ,,
237,California,Woodland CA Tesla Supercharger, Woodland CA ,,
238,California,Woodside CA Tesla Supercharger, Woodside CA ,,
239,California,Yermo CA Supercharger, 36017 Calico Road Yermo CA 92398, Roadside Assistance: (877) 798-3752,18
240,California,Yuba City CA Tesla Supercharger, Yuba City CA ,,
241,Colorado,Alamosa CO Tesla Supercharger, Alamosa CO ,,
242,Colorado,Aspen CO Tesla Supercharger, Aspen CO ,,
243,Colorado,Boulder CO Supercharger, 1710 29th Street Boulder CO 80301, Roadside Assistance: (877) 798-3752,10
244,Colorado,Brush Supercharger, 1156 CO-71 Brush CO 80723-2902, Roadside Assistance: (877) 798-3752,8
245,Colorado,Colorado Springs Supercharger, 215 North Cascade Avenue Colorado Springs CO 80903, Roadside Assistance: (877) 798-3752,8
246,Colorado,Conifer CO Tesla Supercharger, Conifer CO ,,
247,Colorado,Denver CO Tesla Supercharger, Denver CO ,,
248,Colorado,Denver CO - Cherry Creek Tesla Supercharger, Denver CO ,,
249,Colorado,Denver CO - Tech Center Tesla Supercharger, Denver CO ,,
250,Colorado,Denver CO Supercharger, 4310 Airport Way Denver CO 80239, Roadside Assistance: (877) 798-3752,6
251,Colorado,Estes Park CO Supercharger, 333 Wonderview Avenue Estes Park CO 80517-9665, Roadside Assistance: (877) 798-3752,7
252,Colorado,Glenwood Springs CO Supercharger, 125 Wulfsohn Rd Glenwood Springs CO 81601, Roadside Assistance: (877) 798-3752,6
253,Colorado,Grand Junction CO Supercharger, 2424 U.S-6 Grand Junction CO 81505, Roadside Assistance: (877) 798-3752,6
254,Colorado,Idaho Springs CO Tesla Supercharger, Idaho Springs CO ,,
255,Colorado,Limon CO Supercharger, 2221 6th St. Limon CO 80828, Roadside Assistance: (877) 798-3752,6
256,Colorado,Lone Tree CO - Park Meadows Center Drive, 8401 Park Meadows Center Drive Lone Tree CO 80124-5128, Roadside Assistance: (877) 798-3752,10
257,Colorado,Loveland Supercharger, 4705 Clydesdale Parkway Loveland CO 80538-9347, Roadside Assistance: (877) 798-3752,10
258,Colorado,Montrose CO Tesla Supercharger, Montrose CO ,,
259,Colorado,Poncha Springs CO Superchargers, 6250 US Highway 285 Poncha Springs CO 81242-0000, Roadside Assistance: (877) 798-3752,8
260,Colorado,Silverthorne CO Supercharger, 309 Rainbow Dr Silverthorne CO 80498, Roadside Assistance: (877) 798-3752,8
261,Colorado,Steamboat Springs CO Tesla Supercharger, Steamboat Springs CO ,,
262,Colorado,Telluride CO Tesla Supercharger, Telluride CO ,,
263,Colorado,Trinidad Supercharger, 9960 Santa Fe Trail Trinidad CO 81082, Roadside Assistance: (877) 798-3752,6
264,Colorado,Walsenburg CO Tesla Supercharger, Walsenburg CO ,,
265,Colorado,Wheat Ridge CO Tesla Supercharger, Wheat Ridge CO ,,
266,Connecticut,Danbury CT Supercharger, 7 Backus Ave Danbury 06810-7422, Roadside Assistance: (877) 798-3752,10
267,Connecticut,Darien CT Tesla Supercharger, Darien CT ,,
268,Connecticut,Darien CT North Supercharger, I-95 North after exit 12 Darien CT 06820, Roadside Assistance: (877) 798-3752,4
269,Connecticut,Darien CT South Supercharger, I-95 South after exit 10 Darien CT 06820, Roadside Assistance: (877) 798-3752,4
270,Connecticut,Greenwich CT North Supercharger, 3000 Merritt Parkway Greenwich CT 6830, Roadside Assistance: (877) 798-3752,4
271,Connecticut,Greenwich CT South Supercharger, 2000 Merritt Parkway Greenwich CT 6830, Roadside Assistance: (877) 798-3752,4
272,Connecticut,Hartford CT Supercharger, 777 Main Street Hartford CT 06824-2308, Roadside Assistance: (877) 798-3752,6
273,Connecticut,Manchester CT Supercharger, 1470 Pleasant Valley Road Manchester CT 06042-8764, Roadside Assistance: (877) 798-3752,16
274,Connecticut,Milford - Boston Post Road Supercharger, 1201 Boston Post Road Milford CT 6460, Roadside Assistance: (877) 798-3752,14
275,Connecticut,Milford CT North Supercharger, Milford Travel Plaza Milford CT 6460, Roadside Assistance: (877) 798-3752,2
276,Connecticut,Milford CT South Supercharger, Travel Plaza Milford CT 6460, Roadside Assistance: (877) 798-3752,2
277,Connecticut,New London CT Tesla Supercharger, New London CT ,,
278,Connecticut,North Canaan CT Tesla Supercharger, North Canaan CT ,,
279,Connecticut,North Stamford CT Tesla Supercharger, North Stamford CT ,,
280,Connecticut,Old Lyme CT Tesla Supercharger, Old Lyme CT ,,
281,Connecticut,Stamford CT Tesla Supercharger, Stamford CT ,,
282,Connecticut,Torrington CT Tesla Supercharger, Torrington CT ,,
283,Connecticut,Trumbull CT Tesla Supercharger, Trumbull CT ,,
284,Connecticut,Waterbury CT Tesla Supercharger, Waterbury CT ,,
285,Connecticut,West Hartford Supercharger, 1445 New Britain Ave. West Hartford CT 6110, Roadside Assistance: (877) 798-3752,8
286,Delaware,Claymont DE Supercharger, 605 Naamans Road Claymont DE 19703, Roadside Assistance: (877) 798-3752,8
287,Delaware,Dover DE Tesla Supercharger, Dover DE ,,
288,Delaware,Lewes DE Supercharger, 17663 Dartmouth Drive Lewes DE 19958-4203, Roadside Assistance: (877) 798-3752,8
289,Delaware,Newark Supercharger, 530 JFK Memorial Highway Newark DE 19725, Roadside Assistance: (877) 798-3752,12
290,District of Columbia,Columbia Heights DC Tesla Supercharger, Columbia Heights District of Columbia ,,
291,District of Columbia,Washington NE DC Tesla Supercharger, Washington NE District of Columbia ,,
292,District of Columbia,Washington SE DC Tesla Supercharger, Washington SE District of Columbia ,,
293,District of Columbia,Washington DC Tesla Supercharger, Washington District of Columbia ,,
294,Florida,Altamont Springs FL Tesla Supercharger, Altamont Springs FL ,,
295,Florida,Aventura FL Supercharger, 19501 Biscayne Boulevard Aventura FL 33180, Roadside Assistance: (877) 798-3752,35
296,Florida,Beach Park FL Tesla Supercharger, Beach Park FL ,,
297,Florida,Boca Raton FL Tesla Supercharger, Boca Raton FL ,,
298,Florida,Brandon FL Supercharger, 2400 W Brandon Blvd Brandon FL 33511, Roadside Assistance: (877) 798-3752,8
299,Florida,Celebration FL Tesla Supercharger, Celebration FL ,,
300,Florida,Cocoa West FL Tesla Supercharger, Cocoa West FL ,,
301,Florida,DeFuniak Springs Supercharger, Corner of Baldwin Ave. & 10th Street DeFuniak Springs FL 32435, Roadside Assistance: (877) 798-3752,5
302,Florida,Delray Beach FL Tesla Supercharger, Delray Beach FL ,,
303,Florida,Destin FL Tesla Supercharger, Destin FL ,,
304,Florida,Florida City Supercharger, 33505 South Dixie Hwy Florida City FL, Roadside Assistance: (877) 798-3752,8
305,Florida,Fort Drum Supercharger, 184 Florida's Turnpike Okeechobee FL 34972, Roadside Assistance: (877) 798-3752,6
306,Florida,Fort Myers FL Tesla Supercharger, Fort Myers FL ,,
307,Florida,Fort Myers FL Supercharger, Gulf Coast Town Center Fort Myers FL 33913, Roadside Assistance: (877) 798-3752,8
308,Florida,Gainesville FL Tesla Supercharger, Gainesville FL ,,
309,Florida,Hollywood FL Tesla Supercharger, Hollywood Florida ,,
310,Florida,Hollywood FL Tesla Supercharger, Hollywood FL ,,
311,Florida,Jacksonville FL Tesla Supercharger, Jacksonville FL ,,
312,Florida,Key West FL Tesla Supercharger, Key West FL ,,
313,Florida,Lake City FL Supercharger, 2941 W US Hwy 90 Lake City FL 32055, Roadside Assistance: (877) 798-3752,6
314,Florida,Lakeland FL Tesla Supercharger, Lakeland FL ,,
315,Florida,Live Oak Supercharger, 6458 US-129 Live Oak FL 32060, Roadside Assistance: (877) 798-3752,12
316,Florida,Marathon Supercharger, 9400 Overseas Hwy. Marathon FL 33050, Roadside Assistance: (877) 798-3752,4
317,Florida,Miami Beach FL - Bal Harbour Tesla Supercharger, Miami Beach FL ,,
318,Florida,Miami Beach FL - South Beach Tesla Supercharger, Miami Beach FL ,,
319,Florida,Miami FL - Coral Gables Tesla Supercharger, Miami FL ,,
320,Florida,Miami FL - NE 41st Street Supercharger,90 NE 41st Street Miami FL 33137  ,Roadside Assistance: (877) 798-3752,14
321,Florida,Miami FL - SW 7th Street Supercharger, 701 South Miami Avenue Miami 33130-1946, Roadside Assistance: (877) 798-3752,13
322,Florida,Miami FL - SW 8th Street Supercharger, 701 South Miami Avenue Miami FL 33130-1946, Roadside Assistance: (877) 798-3752,10
323,Florida,Miami FL - Wynwood Tesla Supercharger, Miami FL ,,
324,Florida,Millenia FL Tesla Supercharger, Millenia FL ,,
325,Florida,Naples Supercharger, 499 Bayfront Place Naples FL 34102-6454, Roadside Assistance: (877) 798-3752,8
326,Florida,North Naples FL Tesla Supercharger, North Naples FL ,,
327,Florida,Ocala FL Supercharger, 4414 SW College Rd Ocala FL 34474, Roadside Assistance: (877) 798-3752,8
328,Florida,Ochopee FL (Alligator Alley) Tesla Supercharger, Ochopee FL ,,
329,Florida,Orlando FL - W. Sand Lake Rd Supercharger, 6500 West Sand Lake Road Orlando FL 32819-8902, Roadside Assistance: (877) 798-3752,8
330,Florida,Palm Coast FL Tesla Supercharger, Palm Coast FL ,,
331,Florida,Pembroke Pines FL Tesla Supercharger, Pembroke Pines FL ,,
332,Florida,Pensacola FL Tesla Supercharger, Pensacola FL ,,
333,Florida,Pinellas Park Supercharger, 3101 Gandy Blvd Pinellas Park 33782-6203, Roadside Assistance: (877) 798-3752,8
334,Florida,Plantation Supercharger, 801 S. University Drive Plantation FL 33324, Roadside Assistance: (877) 798-3752,8
335,Florida,Port Orange FL Supercharger, 5302 S. Williamson Blvd Port Orange FL 32128, Roadside Assistance: (877) 798-3752,6
336,Florida,Port St. Lucie FL Supercharger, 1701 NW Peacock Blvd Port St. Lucie FL 34986, Roadside Assistance: (877) 798-3752,8
337,Florida,Riverside Park FL Tesla Supercharger, Riverside Park FL ,,
338,Florida,Sarasota Supercharger, 5903 Honore Ave Sarasota FL 34238, Roadside Assistance: (877) 798-3752,20
339,Florida,St. Augustine FL Supercharger, 2700 Florida 16 St. Augustine FL 32092, Roadside Assistance: (877) 798-3752,6
340,Florida,Tallahassee Supercharger, 3528 Thomasville Rd Tallahassee FL 32308, Roadside Assistance: (877) 798-3752,6
341,Florida,Tampa FL - Clear Water Tesla Supercharger, Tampa FL ,,
342,Florida,Tampa FL - Hyde Park Tesla Supercharger, Tampa FL ,,
343,Florida,Tampa FL - Wesley Chapel Tesla Supercharger, Tampa FL ,,
344,Florida,Tampa FL Supercharger, 2502 North 50th Street Tampa FL 33619-2742, Roadside Assistance: (877) 798-3752,8
345,Florida,Turkey Lake Supercharger, Florida Turnpike Turkey Lake FL 32835, Roadside Assistance: (877) 798-3752,6
346,Florida,Union Park FL Tesla Supercharger, Union Park FL ,,
347,Florida,West Melbourne FL Supercharger, 206 Palm Bay Road West Melbourne FL 32904-0000 ,ide Assistance: (877) 798-3752,8
348,Florida,West Palm Beach, 4651 Dyer Blvd West Palm Beach FL 33407 , Roadside Assistance: (877) 798-3752,8
349,Florida,West Palm Beach FL Tesla Supercharger, West Palm Beach FL ,,
350,Florida,Weston FL Tesla Supercharger, Weston FL ,,
351,Florida,Winger Garden FL Tesla Supercharger, Winger Garden FL ,,
352,Florida,Winter Park FL Tesla Supercharger, Winter Park FL ,,
353,Florida,Yeehaw Junction FL Tesla Supercharger, Yeehaw Junction FL ,,
354,Florida,Alpharetta GA Tesla Supercharger, Alpharetta GA ,,
355,Georgia,Athens GA Supercharger, 1791 Oconee Connector Athens GA 30606, Roadside Assistance: (877) 798-3752,10
356,Georgia,Atlanta Supercharger, 1380 Atlantic Drive NW Atlanta GA 30363, Roadside Assistance: (877) 798-3752,10
357,Georgia,Atlanta GA Tesla Supercharger, Atlanta GA ,,
358,Georgia,Atlanta GA - Cumberland Tesla Supercharger, Atlanta GA ,,
359,Georgia,Atlanta-Decatur, 1580 Church St Decatur GA 30033 , Roadside Assistance: (877) 798-3752,4
360,Georgia,Augusta GA Supercharger, 1069 Stevens Creek Road Augusta GA 30907, Roadside Assistance: (877) 798-3752,8
361,Georgia,Buford GA Tesla Supercharger, Buford GA ,,
362,Georgia,College Park GA Tesla Supercharger, College Park GA ,,
363,Georgia,Columbus GA Tesla Supercharger, Columbus GA ,,
364,Georgia,Forest Park GA Tesla Supercharger, Forest Park GA ,,
365,Georgia,Kingsland Supercharger, 1190 East Boone Avenue Kingsland GA 31548, Roadside Assistance: (877) 798-3752,6
366,Georgia,Macon Georgia Supercharger, 450 Martin Luther King Jr Blvd Macon GA 31201, Roadside Assistance: (877) 798-3752,8
367,Georgia,Madison GA Tesla Supercharger, Madison GA ,,
368,Georgia,Metter GA Tesla Supercharger, Metter GA ,,
369,Georgia,Sandy Springs GA Tesla Supercharger, Sandy Springs GA ,,
370,Georgia,Savannah GA Supercharger, 400 Airways Avenue Savannah GA 31408, Roadside Assistance: (877) 798-3752,6
371,Georgia,Tifton GA Supercharger, 1204 U.S. 82 Tifton GA 31794, Roadside Assistance: (877) 798-3752,8
372,Hawaii,Honolulu HI Tesla Supercharger, Honolulu HI ,,
373,Hawaii,Kailua HI Tesla Supercharger, Kailua HI ,,
374,Hawaii,Maui HI Tesla Supercharger, Maui HI ,,
375,Idaho,Boise Supercharger, 1426 South Entertainment Ave Boise ID 83709, Roadside Assistance: (877) 798-3752,8
376,Idaho,Coeur d'Alene Supercharger, 3458 N Fruitland Lane Coeur d'Alene ID 83815, Roadside Assistance: (877) 798-3752,6
377,Idaho,Heyburn ID Tesla Supercharger, Heyburn ID ,,
378,Idaho,Idaho Falls Supercharger, 940 Pier View Drive Idaho Falls ID 83402, Roadside Assistance: (877) 798-3752,8
379,Idaho,Mountain Home ID Tesla Supercharger, Mountain Home ID ,,
380,Idaho,Pocatello Supercharger, 1399 Bench Road Pocatello ID 83201, Roadside Assistance: (877) 798-3752,8
381,Idaho,Twin Falls Supercharger, 2015 Neilsen Point Place Twin Falls ID 83301, Roadside Assistance: (877) 798-3752,8
382,Illinois,Bolingbrook Supercharger, 755 E. Boughton Road Bolingbrook IL 60440-2250, Roadside Assistance: (877) 798-3752,8
383,Illinois,Bridgeport IL Tesla Supercharger, Bridgeport IL ,,
384,Illinois,Champaign IL Supercharger, 2401 North Prospect Avenue Champaign IL 61822, Roadside Assistance: (877) 798-3752,8
385,Illinois,Chicago IL - Lincoln Park Tesla Supercharger, Chicago IL ,,
386,Illinois,Chicago IL - North Broadway Supercharger, 3030 North Broadway Chicago IL 60657, Roadside Assistance: (877) 798-3752,8
387,Illinois,Chicago IL - North Columbus Drive Supercharger, 225 North Columbus Drive Chicago Illinois 60601-7910, Roadside Assistance: (877) 798-3752,10
388,Illinois,Chicago IL - South Canal Street Supercharger, 1100 South Canal Street Chicago IL 60607, Roadside Assistance: (877) 798-3752,14
389,Illinois,Chicago-Highland Park, 1200 Old Skokie Valley Road Highland Park IL 60035, Roadside Assistance: (877) 798-3752,4
390,Illinois,Country Club Hills IL Supercharger, 4201 167th St. Country Club Hills IL 60478, Roadside Assistance: (877) 798-3752,8
391,Illinois,Effingham Supercharger, 1200 N. Keller Drive Effingham IL 62401, Roadside Assistance: (877) 798-3752,6
392,Illinois,Evanston IL Tesla Supercharger, Evanston IL ,,
393,Illinois,Evergreen Park IL Tesla Supercharger, Evergreen Park IL ,,
394,Illinois,Glenview IL Supercharger, 1200 Milwaukee Avenue Glenview IL 60025, Roadside Assistance: (877) 798-3752,10
395,Illinois,Joliet IL Tesla Supercharger, Joliet IL ,,
396,Illinois,Marion IL Tesla Supercharger, Marion IL ,,
397,Illinois,Mt. Vernon Supercharger, 222 Potomac Blvd. Mt. Vernon IL 62864-6750, Roadside Assistance: (877) 798-3752,8
398,Illinois,Normal IL Supercharger, 11 Uptown Circle Normal IL 61761, Roadside Assistance: (877) 798-3752,8
399,Illinois,North Aurora Supercharger, 151 Hansen Blvd North Aurora IL 60542, Roadside Assistance: (877) 798-3752,8
400,Illinois,Northbrook IL Tesla Supercharger, Northbrook IL ,,
401,Illinois,Oak Brook IL Tesla Supercharger, Oak Brook IL ,,
402,Illinois,Oak Park IL Tesla Supercharger, Oak Park IL ,,
403,Illinois,Peru IL Supercharger, 1651 Midtown Road Peru IL 61354, Roadside Assistance: (877) 798-3752,8
404,Illinois,Rockford IL Supercharger, 7200 Harrison Ave Rockford IL 61112, Roadside Assistance: (877) 798-3752,8
405,Illinois,Rolling Meadows IL Supercharger, 1301 Meijer Drive Rolling Meadows IL 60008-4205, Roadside Assistance: (877) 798-3752,10
406,Illinois,Rosemont IL Tesla Supercharger, Rosemont IL ,,
407,Illinois,Skokie IL Supercharger, 5507 Touhy Avenue Skokie IL 60077, Roadside Assistance: (877) 798-3752,20
408,Illinois,Springfield Illinois Supercharger , 3801 S. MacArthur Blvd. Springfield IL 62704, Roadside Assistance: (877) 798-3752,8
409,Indiana,Angola IN Supercharger, 3855 Indiana 127 Angola IN 46703, Roadside Assistance: (877) 798-3752,6
410,Indiana,Bloomington IN Tesla Supercharger, Bloomington IN ,,
411,Indiana,Carmel IN Tesla Supercharger, Carmel IN ,,
412,Indiana,Elberfeld IN Tesla Supercharger, Elberfeld IN ,,
413,Indiana,Fishers IN Supercharger, 9 Municipal Drive Fishers 46038-1615, Roadside Assistance: (877) 798-3752,10
414,Indiana,Fort Wayne IN Supercharger, 6309 Lima Road Fort Wayne IN 46818, Roadside Assistance: (877) 798-3752,10
415,Indiana,Indianapolis IN - Downtown Tesla Supercharger, Indianapolis IN ,,
416,Indiana,Indianapolis IN Supercharger, 5120 Victory Dr Indianapolis IN 46201, Roadside Assistance: (877) 798-3752,8
417,Indiana,Lafayette IN Supercharger, 4901 State Rd. 26E Lafayette IN 47905, Roadside Assistance: (877) 798-3752,8
418,Indiana,Merrillville IN Supercharger, 611 West Lincoln Highway Merrillville IN 46410, Roadside Assistance: (877) 798-3752,10
419,Indiana,Mishawaka IN Supercharger, 6501 Grape Rd Mishawaka IN 46545, Roadside Assistance: (877) 798-3752,6
420,Indiana,Terre Haute IN Supercharger, 5600 E. New Margaret Dr. Terre Haute IN 47803, Roadside Assistance: (877) 798-3752,8
421,Iowa,Altoona IA Tesla Supercharger, Altoona IA ,,
422,Iowa,Coralville Supercharger, 1914 8th Street Coralville IA 52241, Roadside Assistance: (877) 798-3752,8
423,Iowa,Council Bluffs Supercharger, 3815 Metro Drive Council Bluffs IA 51501, Roadside Assistance: (877) 798-3752,8
424,Iowa,Davenport Supercharger, 4064 E 53rd St Davenport IA 52807, Roadside Assistance: (877) 798-3752,8
425,Iowa,Dows Supercharger, 904 Cardinal Lane Dows 50071-8004, Roadside Assistance: (877) 798-3752,8
426,Iowa,Dubuque IA Supercharger, 400 South Locust Street Dubuque IA 52003, Roadside Assistance: (877) 798-3752,8
427,Iowa,Shelby IA Tesla Supercharger, Shelby IA ,,
428,Iowa,Sioux City IA Tesla Supercharger, Sioux City IA ,,
429,Iowa,West Des Moines Supercharger, 1725 Jordan Creek Parkway West Des Moines IA 50266, Roadside Assistance: (877) 798-3752,8
430,Kansas,Colby KS Supercharger, 700 E Horton Ave Colby KS 67701-3746, Roadside Assistance: (877) 798-3752,10
431,Kansas,Goodland KS Supercharger, 2631 Enterprise Rd Goodland KS 67735, Roadside Assistance: (877) 798-3752,6
432,Kansas,Hays KS Supercharger, 4101 Vine St Hays KS 67601, Roadside Assistance: (877) 798-3752,6
433,Kansas,Overland Park KS Tesla Supercharger, Overland Park KS ,,
434,Kansas,Salina KS Supercharger, 755 W. Diamond Dr. Salina KS 67401, Roadside Assistance: (877) 798-3752,6
435,Kansas,Topeka KS Supercharger, 5930 SW Huntoon St Topeka KS 66614, Roadside Assistance: (877) 798-3752,8
436,Kansas,Wichita Kansas Supercharger, 4760 S. Broadway Street Wichita KS 67216, Roadside Assistance: (877) 798-3752,6
437,Kansas City,Emporia KS Tesla Supercharger, Emporia KS ,,
438,Kansas City,Olathe KS Tesla Supercharger, Olathe KS ,,
439,Kentucky,Bowling Green Supercharger, 1676 Westpark Drive Bowling Green KY 42104, Roadside Assistance: (877) 798-3752,8
440,Kentucky,Elizabethtown KY Tesla Supercharger, Elizabethtown KY ,,
441,Kentucky,Kuttawa Supercharger, 62 Days Inn Dr Kuttawa KY 42055-5954, Roadside Assistance: (877) 798-3752,8
442,Kentucky,Lexington Supercharger, 2155 Paul Jones Way Lexington KY 40509, Roadside Assistance: (877) 798-3752,8
443,Kentucky,London Supercharger, 140 Faith Assembly Church Road London KY 40741, Roadside Assistance: (877) 798-3752,6
444,Kentucky,Louisville Supercharger, 2120 Gardiner Ln Louisville KY 40205, Roadside Assistance: (877) 798-3752,8
445,Kentucky,Maysville KY Tesla Supercharger, Maysville KY ,,
446,Louisiana,Alexandria Supercharger, 701 4th Street Alexandria LA 71301, Roadside Assistance: (877) 798-3752,8
447,Louisiana,Baton Rouge Supercharger, 3535 Perkins Road Baton Rouge LA 70808, Roadside Assistance: (877) 798-3752,6
448,Louisiana,Lake Charles Supercharger, 1772 W Prien Lake Road Lake Charles LA 70601, Roadside Assistance: (877) 798-3752,6
449,Louisiana,Monroe Supercharger, 4919 Pecanland Mall Drive Monroe LA 71203, Roadside Assistance: (877) 798-3752,8
450,Louisiana,New Orleans LA Tesla Supercharger, New Orleans LA ,,
451,Louisiana,Shreveport Supercharger, 1133 St. Vincent Ave. Shreveport LA 71104, Roadside Assistance: (877) 798-3752,8
452,Louisiana,Slidell Supercharger, 1303 Town Center Pkwy Slidell LA 70458, Roadside Assistance: (877) 798-3752,8
453,Maine,Augusta ME Supercharger, 197 Civic Center Drive Augusta ME 4330, Roadside Assistance: (877) 798-3752,8
454,Maine,Bar Harbor ME Tesla Supercharger, Bar harbor ME ,,
455,Maine,Baring ME Tesla Supercharger, Baring ME ,,
456,Maine,Bethel ME Tesla Supercharger, Bethel ME ,,
457,Maine,Brewer Supercharger, 5 Walton Dr Brewer ME 4412, Roadside Assistance: (877) 798-3752,8
458,Maine,Freeport ME Supercharger, 95 Main Street Freeport ME 04032-1217, Roadside Assistance: (877) 798-3752,8
459,Maine,Kennebunk ME Supercharger, 25.5 Mile Maine Turnpike Kennebunk ME 04043, Roadside Assistance: (877) 798-3752,8
460,Maine,Medway ME Tesla Supercharger, Medway ME ,,
461,Maine,Portland ME Tesla Supercharger, Portland ME ,,
462,Maine,Skowhegan ME Tesla Supercharger, Skowhegan ME ,,
463,Maine,West Forks ME Tesla Supercharger, West Forks ME ,,
464,Maryland,Aberdeen Supercharger, I-95 Aberdeen Maryland Aberdeen, Roadside Assistance: (877) 798-3752,8
465,Maryland,Annapolis MD Tesla Supercharger, Annapolis MD ,,
466,Maryland,Baltimore MD Tesla Supercharger, Baltimore MD ,,
467,Maryland,Beltsville MD Tesla Supercharger, Beltsville MD ,,
468,Maryland,Bethesda MD Tesla Supercharger, Bethesda MD ,,
469,Maryland,Elkridge MD Tesla Supercharger, Elkridge MD ,,
470,Maryland,Frederick MD Tesla Supercharger, Frederick MD ,,
471,Maryland,Gaithersburg MD Supercharger, 9811 Washingtonian Blvd Gaithersburg MD 20878-7306, Roadside Assistance: (877) 798-3752,12
472,Maryland,Grasonville Supercharger, 108 Jackson Creek Road Grasonville MD 21638-1086, Roadside Assistance: (877) 798-3752,12
473,Maryland,Greenbelt MD Tesla Supercharger, Greenbelt MD ,,
474,Maryland,Hagerstown MD Supercharger, 495 Prime Outlets Blvd Hagerstown MD 21740, Roadside Assistance: (877) 798-3752,6
475,Maryland,Halethorpe MD Tesla Supercharger, Halethorpe MD ,,
476,Maryland,Hanover MD Tesla Supercharger, Hanover MD ,,
477,Maryland,La Vale Supercharger, 11601 Winchester Road La Vale MD 21502, Roadside Assistance: (877) 798-3752,8
478,Maryland,Laurel Supercharger, 14700 Baltimore Ave Laurel MD 20707, Roadside Assistance: (877) 798-3752,8
479,Maryland,National Harbor MD Supercharger, 165 Waterfront Street National Harbor MD 20745, Roadside Assistance: (877) 798-3752,12
480,Maryland,North East, MD Supercharger John F Kennedy Memorial Hwy North East MD 21901-0000, Roadside Assistance: (877) 798-3752,10
481,Maryland,Ocean City MD Tesla Supercharger, Ocean City MD ,,
482,Maryland,Rossville MD Tesla Supercharger, Rossville MD ,,
483,Maryland,Salisbury MD Supercharger, 2300 North Salisbury Blvd. Salisbury MD 21801, Roadside Assistance: (877) 798-3752,6
484,Massachusets,Auburn Massachusetts Supercharger, 385 Southbridge St. Auburn MA 1501, Roadside Assistance: (877) 798-3752,8
485,Massachusets,Beverly MA Tesla Supercharger, Beverly MA ,,
486,Massachusets,Boston Supercharger, 800 Boylston Street Boston Massachusetts 02199, Roadside Assistance: (877) 798-3752,8
487,Massachusets,Boston MA - Allstate Road Supercharger, 101 Allstate Road Boston MA 02125-1663, Roadside Assistance: (877) 798-3752,10
488,Massachusets,Boston MA - Fenway/Kenmore Tesla Supercharger, Boston MA ,,
489,Massachusets,Boston MA - Seaport Tesla Supercharger, Boston MA ,,
490,Massachusets,Braintree MA Tesla Supercharger, Braintree MA ,,
491,Massachusets,Burlington MA Tesla Supercharger, Burlington MA ,,
492,Massachusets,Cambridge MA Supercharger, 100 Cambridgeside Place Cambridge MA 02141-2215, Roadside Assistance: (877) 798-3752,8
493,Massachusets,Charlestown MA Tesla Supercharger, Charlestown MA ,,
494,Massachusets,Dedham, 840 Providence Highway Dedham MA 02026 , Roadside Assistance: (877) 798-3752,10
495,Massachusets,Falmouth MA Tesla Supercharger, Falmouth MA ,,
496,Massachusets,Hadley MA Supercharger, 25 Russell Street Hadley MA 01035, Roadside Assistance: (877) 798-3752,12
497,Massachusets,Lawrence MA Tesla Supercharger, Lawrence MA ,,
498,Massachusets,Lee Supercharger, 10 Pleasant St. Lee MA 1238, Roadside Assistance: (877) 798-3752,8
499,Massachusets,Leominster MA Supercharger, 100 Commercial Road Leominster MA 01453-3333, Roadside Assistance: (877) 798-3752,8
500,Massachusets,Lynnfield MA Tesla Supercharger, Lynnfield MA ,,
501,Massachusets,Mansfield MA Tesla Supercharger, Mansfield MA ,,
502,Massachusets,Marlborough MA Tesla Supercharger, Marlborough MA ,,
503,Massachusets,Natick MA Tesla Supercharger, Natick MA ,,
504,Massachusets,Orleans MA Tesla Supercharger, Orleans MA ,,
505,Massachusets,Revere MA Tesla Supercharger, Revere MA ,,
506,Massachusets,Sagamore Beach MA Supercharger, 22 Meetinghouse Ln Sagamore Beach MA 2562, Roadside Assistance: (877) 798-3752,8
507,Massachusets,Seekonk MA Tesla Supercharger, Seekonk MA ,,
508,Massachusets,Somerville MA Tesla Supercharger, Somerville MA ,,
509,Massachusets,South Dennis MA Tesla Supercharger, South Dennis MA ,,
510,Massachusets,Waltham MA Tesla Supercharger, Waltham MA ,,
511,Massachusets,Wareham MA Tesla Supercharger ,Wareham MA ,,
512,Massachusets,West Springfield Supercharger, 935 Riverdale Street West Springfield MA 1089, Roadside Assistance: (877) 798-3752,8
513,Michigan,Ann Arbor Supercharger, 3145 Ann Arbor-Saline Road Ann Arbor MI 48103, Roadside Assistance: (877) 798-3752,8
514,Michigan,Atlanta GA - Virginia Highlands Tesla Supercharger, Atlanta MI ,,
515,Michigan,Auburn Hills MI Supercharger, 800 Brown Road Auburn Hills 48326-1309, Roadside Assistance: (877) 798-3752,NA
516,Michigan,Bay City Supercharger, 2980 E Wilder Rd Bay City MI 48706-9213, Roadside Assistance: (877) 798-3752,8
517,Michigan,Big Rapids MI Supercharger, 15400 Waldron Way Big Rapids MI 49307-8890, Roadside Assistance: (877) 798-3752,10
518,Michigan,Cadillac Supercharger, 8605 E. 34 Road Cadillac MI 49601, Roadside Assistance: (877) 798-3752,8
519,Michigan,Claire MI Tesla Supercharger, Claire MI ,,
520,Michigan,Detroit MI Tesla Supercharger, Detroit MI ,,
521,Michigan,Escanaba MI Tesla Supercharger, Escanaba MI ,,
522,Michigan,Gaylord MI Tesla Supercharger, Gaylord MI ,,
523,Michigan,Grand Rapids Supercharger, 5531 28th Street SE Grand Rapids MI 49512, Roadside Assistance: (877) 798-3752,8
524,Michigan,Lansing Supercharger, 2025 Showtime Drive Lansing MI 48912, Roadside Assistance: (877) 798-3752,10
525,Michigan,Livonia MI Supercharger, 13070 Middlebelt Rd Livonia MI 48150-0000, Roadside Assistance: (877) 798-3752,10
526,Michigan,Ludington Supercharger, 3900 W US Hwy 10 Ludington MI 49431-7612, Roadside Assistance: (877) 798-3752,8
527,Michigan,Mackinaw City MI Tesla Supercharger, Mackinaw City MI ,,
528,Michigan,Marquette MI Tesla Supercharger, Marquette MI ,,
529,Michigan,Marshall Supercharger, 15252 US Highway 27 N Marshall MI 49068-9620, Roadside Assistance: (877) 798-3752,8
530,Michigan,Muskegon MI Supercharger, 5300 Harvey Street Muskegon MI 49444-6716, Roadside Assistance: (877) 798-3752,10
531,Michigan,Novi MI Tesla Supercharger, Novi MI ,,
532,Michigan,Port Huron Supercharger, 500 Thomas Edison Parkway Port Huron MI 48060, Roadside Assistance: (877) 798-3752,8
533,Michigan,Roseville MI Supercharger, 30800 Little Mack Avenue Roseville MI 48066-1700, Roadside Assistance: (877) 798-3752,8
534,Michigan,St. Joseph MI Supercharger, 3260 Niles Rd St. Joseph MI 49085, Roadside Assistance: (877) 798-3752,8
535,Michigan,Swartz Creek MI Tesla Supercharger, Swartz Creek MI ,,
536,Michigan,Traverse City Supercharger, 3955 US Highway 31 South Traverse City Michigan 49684, Roadside Assistance: (877) 798-3752,10
537,Minnesota,Albert Lea MN Supercharger, 811 E Plaza St Albert Lea MN 56007, Roadside Assistance: (877) 798-3752,4
538,Minnesota,Alexandria MN Tesla Supercharger, Alexandria MN ,,
539,Minnesota,Baxter Supercharger, 6967 Lake Forest Road Baxter MN 56425, Roadside Assistance: (877) 798-3752,8
540,Minnesota,Bloomington MN Tesla Supercharger, Bloomington MN ,,
541,Minnesota,Clearwater Supercharger, 950 MN-24 Clearwater MN 55320, Roadside Assistance: (877) 798-3752,8
542,Minnesota,Duluth Supercharger, 200 West 1st Street Duluth MN 55802, Roadside Assistance: (877) 798-3752,4
543,Minnesota,Hinckley Supercharger, 404 Fire Monument Road Hinckley MN 55037, Roadside Assistance: (877) 798-3752,8
544,Minnesota,Maple Grove MN Tesla Supercharger, Maple Grove MN ,,
545,Minnesota,Minneapolis MN Tesla Supercharger, Minneapolis MN ,,
546,Minnesota,Minnetonka MN Tesla Supercharger, Minnetonka MN ,,
547,Minnesota,Oakdale Supercharger, 7180 10th St N Oakdale MN 55128, Roadside Assistance: (877) 798-3752,8
548,Minnesota,Richfield MN Tesla Supercharger, Richfield MN ,,
549,Minnesota,Rochester MN Supercharger, 500 Crossroads Dr Rochester MN 55902-2183, Roadside Assistance: (877) 798-3752,8
550,Minnesota,Sherburn MN Supercharger, 600 MN-4 Sherburn MN 56171-0000, Roadside Assistance: (877) 798-3752,8
551,Minnesota,St Paul MN Tesla Supercharger, St Paul MN ,,
552,Minnesota,St. Louis Park MN Tesla Supercharger, St. Louis Park MN ,,
553,Minnesota,Worthington MN Supercharger, 1290 Ryans Rd Worthington MN 56187, Roadside Assistance: (877) 798-3752,6
554,Mississippi,Brookhaven MS Tesla Supercharger, Brookhaven MS ,,
555,Mississippi,Grenada Supercharger, 2030 Sunset Dr Grenada MS 38901-2826, Roadside Assistance: (877) 798-3752,8
556,Mississippi,Hattiesburg MS Tesla Supercharger, Hattiesburg MS ,,
557,Mississippi,Meridian Supercharger, 1210 Bonita Lakes Drive Meridian MS 39301, Roadside Assistance: (877) 798-3752,8
558,Mississippi,Pearl MS Supercharger, 200 Bass Pro Drive Pearl MS 39208, Roadside Assistance: (877) 798-3752,8
559,Mississippi,Tupelo Supercharger, 1001 Barnes Crossing Rd Tupelo MS 38804-0902, Roadside Assistance: (877) 798-3752,8
560,Missouri,Bethany MO Tesla Supercharger, Bethany MO ,,
561,Missouri,Brentwood MO Tesla Supercharger, Brentwood MO ,,
562,Missouri,Columbia Supercharger, 915 Port Way Columbia MO 65201, Roadside Assistance: (877) 798-3752,8
563,Missouri,Independence Supercharger, 18011 E Bass Pro Drive Independence MO 64055, Roadside Assistance: (877) 798-3752,6
564,Missouri,Joplin Supercharger, 3615 Range Line Rd. Joplin MO 64804-4447, Roadside Assistance: (877) 798-3752,8
565,Missouri,Kansas City MO Supercharger, 8301 North Saint Clair Avenue Kansas City MO 64151, Roadside Assistance: (877) 798-3752,8
566,Missouri,Mehlville MO Tesla Supercharger, Mehlville MO ,,
567,Missouri,Miner Supercharger, 2612 E Malone Ave. Miner MO 63801, Roadside Assistance: (877) 798-3752,8
568,Missouri,Osage Beach Supercharger, 929 Hwy D Osage Beach MO 65065-3169, Roadside Assistance: (877) 798-3752,8
569,Missouri,Rolla Supercharger, 1705 Martin Springs Drive Rolla MO 65401, Roadside Assistance: (877) 798-3752,8
570,Missouri,Springfield MO Supercharger, 3050 N. Kentwood Ave. Springfield MO 65803-4414, Roadside Assistance: (877) 798-3752,8
571,Missouri,St Joseph MO Tesla Supercharger, St Joseph MO ,,
572,Missouri,St. Charles Supercharger, 2021 Zumbehl Road St. Charles MO 63303, Roadside Assistance: (877) 798-3752,5
573,Missouri,St. Louis MO Tesla Supercharger, St. Louis MO ,,
574,Montana,Big Timber MT Supercharger, 228 Big Timber Loop Rd Big Timber MT 59011, Roadside Assistance: (877) 798-3752,4
575,Montana,Bighorn MT Tesla Supercharger, Bighorn MT ,,
576,Montana,Billings MT Supercharger, 1801 Majestic Ln Billings MT 59102, Roadside Assistance: (877) 798-3752,4
577,Montana,Bozeman MT Supercharger, 2023 Commerce Way Bozeman MT 59715, Roadside Assistance: (877) 798-3752,4
578,Montana,Butte Supercharger, 2900 Harrison Ave. Butte MT 59701, Roadside Assistance: (877) 798-3752,6
579,Montana,Glendive MT Tesla Supercharger, Glendive MT ,,
580,Montana,Great Falls MT Tesla Supercharger, Great Falls MT ,,
581,Montana,Helena MT Tesla Supercharger, Helena MT ,,
582,Montana,Kalispell MT Tesla Supercharger, Kalispell MT ,,
583,Montana,Lima MT Supercharger, 108 Bailey Street Lima MT 59739, Roadside Assistance: (877) 798-3752,8
584,Montana,Miles City MT Tesla Supercharger, Miles City MT ,,
585,Montana,Missoula Supercharger, 5280 Grant Creek Rd Missoula MT 59808, Roadside Assistance: (877) 798-3752,6
586,Montana,Shelby MT Tesla Supercharger, Shelby MT ,,
587,Montana,Superior Supercharger, 205 4th Ave. East Superior MT 59872, Roadside Assistance: (877) 798-3752,4
588,Montana,West Yellowstone Supercharger, West Yellowstone MT 59758, Roadside Assistance: (877) 798-3752,8
589,Nebraska,Gothenburg Supercharger, 318 Platte River Road Gothenburg NE 69138-2610, Roadside Assistance: (877) 798-3752,8
590,Nebraska,Grand Island Supercharger, 3335 West Wood River Road Grand Island NE 68803-9117, Roadside Assistance: (877) 798-3752,8
591,Nebraska,Lincoln NE Supercharger, 5020 N 27th Street Lincoln NE 68521-1196, Roadside Assistance: (877) 798-3752,8
592,Nebraska,Ogallala Supercharger, 501 Stagecoach Trail Ogallala NE 69153-3118, Roadside Assistance: (877) 798-3752,8
593,Nebraska,Sidney Supercharger, 645 Cabela Drive Sidney NE 69162-3047, Roadside Assistance: (877) 798-3752,8
594,Neveda,Beatty NV Supercharger, 900 Hwy 95 N Beatty NV 89003, Roadside Assistance: (877) 798-3752,8
595,Neveda,Elko Supercharger, 2755 Mountain City Highway Elko NV 89801, Roadside Assistance: (877) 798-3752,6
596,Neveda,Gardnerville Supercharger, 1979 US 395 Gardnerville NV 89410, Roadside Assistance: (877) 798-3752,6
597,Neveda,Hawthorne Supercharger, 705 Hwy 362 Hawthorne Hawthorne NV 89415, Roadside Assistance: (877) 798-3752,8
598,Neveda,Incline Village NV Tesla Supercharger, Incline Village NV ,,
599,Neveda,Las Vegas Blvd South Supercharger, 6509 S Las Vegas Blvd Las Vegas NV 89119-3240, Roadside Assistance: (877) 798-3752,10
600,Neveda,Las Vegas NV - Henderson Tesla Supercharger, Las Vegas NV ,,
601,Neveda,Las Vegas NV Supercharger, 701 Bridger Ave Las Vegas NV 89101, Roadside Assistance: (877) 798-3752,6
602,Neveda,Lovelock Supercharger, 150 Main St. Lovelock NV 89419, Roadside Assistance: (877) 798-3752,4
603,Neveda,Primm Supercharger, 31900 Las Vegas Blvd S Primm NV 89019, Roadside Assistance: (877) 798-3752,10
604,Neveda,Primm NV Tesla Supercharger, Primm NV ,,
605,Neveda,Reno Supercharger, 3800 S Virginia St. Reno NV 89502, Roadside Assistance: (877) 798-3752,6
606,Neveda,Reno NV Tesla Supercharger, Reno NV ,,
607,Neveda,Stateline Supercharger, 50 US-50 Stateline NV 89449, Roadside Assistance: (877) 798-3752,14
608,Neveda,Tonopah Supercharger, 171 Main St. Tonopah NV 89049, Roadside Assistance: (877) 798-3752,8
609,Neveda,West Wendover Supercharger, 810 W Wendover Blvd. West Wendover NV 89883, Roadside Assistance: (877) 798-3752,6
610,Neveda,Winnemucca Supercharger, 1985 W Winnemucca Blvd. Winnemucca NV 89446, Roadside Assistance: (877) 798-3752,4
611,New Hampshire,Hooksett (Northbound) Supercharger, Northbound I-93 Hooksett NH 3106, Roadside Assistance: (877) 798-3752,6
612,New Hampshire,Hooksett (Southbound) Supercharger, Southbound I-93 Hooksett NH 3106, Roadside Assistance: (877) 798-3752,6
613,New Hampshire,Lincoln Supercharger, 22 South Mountain Lincoln NH 3251, Roadside Assistance: (877) 798-3752,6
614,New Hampshire,North Conway NH Tesla Supercharger, North Conway NH ,,
615,New Hampshire,Rochester NH Tesla Supercharger, Rochester NH ,,
616,New Hampshire,Seabrook Supercharger, 700 Lafayette Road Seabrook NH 3874, Roadside Assistance: (877) 798-3752,8
617,New Hampshire,West Lebanon Supercharger, 285 N. Plainfield Road West Lebanon NH 3784, Roadside Assistance: (877) 798-3752,8
618,New Hampshire,Wolfeboro NH Tesla Supercharger, Wolfeboro NH ,,
619,New Jersey,Barnegat Township NJ Tesla Supercharger, Barnegat TownshipNJ ,,
620,New Jersey,Bridgewater NJ Tesla Supercharger, Bridgewater NJ ,,
621,New Jersey,Burlington NJ Supercharger, 2060 US-130 Burlington New Jersey 08016-0000, Roadside Assistance: (877) 798-3752,
622,New Jersey,Cape May NJ Tesla Supercharger, Cape May NJ ,,
623,New Jersey,Cherry Hill NJ Tesla Supercharger, Cherry Hill NJ ,,
624,New Jersey,Cranbury Supercharger, Mile Marker 71.7 New Jersey Turnpike Cranbury NJ 8512, Roadside Assistance: (877) 798-3752,4
625,New Jersey,Deptford Township NJ Tesla Supercharger, Deptford Township NJ ,,
626,New Jersey,East Brunswick Supercharger, Mile Marker 78 New Jersey Turnpike North East Brunswick NJ 8816, Roadside Assistance: (877) 798-3752,4
627,New Jersey,Edgewater NJ Tesla Supercharger, Edgewater NJ ,,
628,New Jersey,Edison NJ Supercharger, 55 Parsonage Rd. Edison NJ 8837, Roadside Assistance: (877) 798-3752,8
629,New Jersey,Egg Harbor Township Supercharger, 3121 Fire Road Egg Harbor Township NJ 8234, Roadside Assistance: (877) 798-3752,8
630,New Jersey,Elizabeth NJ Tesla Supercharger, Elizabeth NJ ,,
631,New Jersey,Hackensack NJ Tesla Supercharger, Hackensack NJ ,,
632,New Jersey,Hamilton Township Supercharger, 425 Market Place Blvd Hamilton NJ 8691, Roadside Assistance: (877) 798-3752,6
633,New Jersey,Hamilton Township NJ Tesla Supercharger, Hamilton Township NJ ,,
634,New Jersey,Jersey City NJ - Mall Drive West Supercharger, 30 Mall Drive West Jersey City NJ 07310-1615, Roadside Assistance: (877) 798-3752,20
635,New Jersey,Jersey City NJ 1st Street Supercharger,  160 First Street Jersey City NJ 07302, Roadside Assistance: (877) 798-3752,6
636,New Jersey,Mount Laurel NJ Tesla Supercharger, Mount Laurel NJ ,,
637,New Jersey,Newark NJ Tesla Supercharger, Newark NJ ,,
638,New Jersey,North Brunswick NJ Tesla Supercharger, North Brunswick NJ ,,
639,New Jersey,Paramus-Route 17, 530 Route 17 N Paramus NJ 07652 , Roadside Assistance: (877) 798-3752,8
640,New Jersey,Parsippany-Troy Hills NJ Tesla Supercharger, Parsippany-Troy Hills NJ ,,
641,New Jersey,Pompton Lakes NJ Tesla Supercharger, Pompton Lakes NJ ,,
642,New Jersey,Roxbury Township NJ Tesla Supercharger, Roxbury Township NJ ,,
643,New Jersey,Summit NJ Tesla Supercharger, Summit NJ ,,
644,New Jersey,Tinton Falls Supercharger, 1 Premium Outlets Blvd Tinton Falls NJ 7753, Roadside Assistance: (877) 798-3752,8
645,New Jersey,Tom's River NJ Tesla Supercharger, Tom's River NJ ,,
646,New Jersey,Wayne NJ Tesla Supercharger, Wayne NJ ,,
647,New Jersey,West Orange NJ Tesla Supercharger, West Orange NJ ,,
648,New Jersey,Woodbridge Township NJ Supercharger, 440 King Georges Road Woodbridge NJ 08857-0000, Roadside Assistance: (877) 798-3752,8
649,New Mexico,Albuquerque Supercharger, 2600 Menaul Blvd NE Albuquerque NM 87107, Roadside Assistance: (877) 798-3752,6
650,New Mexico,Clayton NM Tesla Supercharger, Clayton NM ,,
651,New Mexico,Clovis NM Tesla Supercharger, Clovis NM ,,
652,New Mexico,Deming NM Supercharger, 1695 US-180 Deming 88030, Roadside Assistance: (877) 798-3752,8
653,New Mexico,Farmington NM Supercharger, 4200 Sierra Vista Drive Farmington NM 87402, Roadside Assistance: (877) 798-3752,4
654,New Mexico,Gallup NM Supercharger, 111 Twin Buttes Rd Gallup NM 87301, Roadside Assistance: (877) 798-3752,4
655,New Mexico,Grants NM Tesla Supercharger, Grants NM ,,
656,New Mexico,Las Vegas NM Supercharger, 2500 N. Grand Ave. Las Vegas NM 87701, Roadside Assistance: (877) 798-3752,6
657,New Mexico,Santa Fe Supercharger, 8380 Cerrillos Rd Santa Fe NM 87507-4415, Roadside Assistance: (877) 798-3752,8
658,New Mexico,Santa Rosa Supercharger, 2516 Historic Route 66 Santa Rosa NM 88435, Roadside Assistance: (877) 798-3752,6
659,New Mexico,Soccoro NM Tesla Supercharger, Soccoro NM ,,
660,New Mexico,Truth or Consequences Supercharger, 2201 F.G. Amin Street Truth or Consequences NM 87901, Roadside Assistance: (877) 798-3752,8
661,New Mexico,Tucumcari Supercharger, 2624 S Adams St. Tucumcari NM 88401, Roadside Assistance: (877) 798-3752,6
662,Newyork,Albany NY Supercharger, 131 Colonie Center Albany NY 12205, Roadside Assistance: (877) 798-3752,6
663,Newyork,Astoria NY Tesla Supercharger, Astoria NY ,,
664,Newyork,Bath Beach NY Tesla Supercharger, Bath Beach NY ,,
665,Newyork,Bay Shore NY Tesla Supercharger, Bay Shore NY ,,
666,Newyork,Baychester NY Tesla Supercharger, Baychester NY ,,
667,Newyork,Bedford Hills NY Tesla Supercharger, Bedford Hills NY ,,
668,Newyork,Bergen Beach NY Tesla Supercharger, Bergen Beach NY ,,
669,Newyork,Binghamton Supercharger, 1062 Front Street Binghamton NY 13905, Roadside Assistance: (877) 798-3752,8
670,Newyork,Brooklyn Heights NY Tesla Supercharger, Brooklyn Heights NY ,,
671,Newyork,Brooklyn NY Tesla Supercharger, Brooklyn NY ,,
672,Newyork,Brooklyn NY - N. 12th Street Supercharger, 113 N. 12th Street Brooklyn NY 11249, Roadside Assistance: (877) 798-3752,4
673,Newyork,Buffalo Supercharger, 4455 Transit Road Buffalo NY 14221, Roadside Assistance: (877) 798-3752,8
674,Newyork,Buffalo NY Tesla Supercharger, Buffalo NY ,,
675,Newyork,Centuck NY Tesla Supercharger, Centuck NY ,,
676,Newyork,Chelsea NY Tesla Supercharger, Chelsea NY ,,
677,Newyork,Clinton Corners NY Supercharger, 2300 Salt Point Turnpike Clinton Corners 12514-2025, Roadside Assistance: (877) 798-3752,8
678,Newyork,East Hampton NY Tesla Supercharger, East Hampton NY ,,
679,Newyork,Elmhurst NY Tesla Supercharger, Elmhurst NY ,,
680,Newyork,Erwin Supercharger, 125 Victory Hwy Erwin NY 14870, Roadside Assistance: (877) 798-3752,10
681,Newyork,Flushing NY Tesla Supercharger, Flushing NY ,,
682,Newyork,Gowanus NY Tesla Supercharger, Gowanus NY ,,
683,Newyork,Guilderland Supercharger, 1 Crossgates Mall Road Guilderland NY 12203, Roadside Assistance: (877) 798-3752,20
684,Newyork,Harlem NY Tesla Supercharger, Harlem NY ,,
685,Newyork,Islandia NY Tesla Supercharger, Islandia NY ,,
686,Newyork,Ithaca NY Tesla Supercharger, Ithaca NY ,,
687,Newyork,JFK - Queens NY Supercharger, 150th Ave and 147th St Queens NY 11430, Roadside Assistance: (877) 798-3752,4
688,Newyork,Kingston Supercharger, 640 Washington Ave. Kingston NY 12401, Roadside Assistance: (877) 798-3752,8
689,Newyork,Kips Bay NY Tesla Supercharger, Kips Bay NY ,,
690,Newyork,Lake Placid NY Tesla Supercharger, Lake Placid NY ,,
691,Newyork,Little Neck NY Tesla Supercharger, Little Neck NY ,,
692,Newyork,Long Island-Syosset, 7 Aerial Way Syosset NY 11791 , Roadside Assistance: (877) 798-3752,6
693,Newyork,Lower Manhattan NY Tesla Supercharger, Lower Manhattan NY ,,
694,Newyork,Mahwah NY Tesla Supercharger, Mahwah NY ,,
695,Newyork,Manorville NY Tesla Supercharger, Manorville NY ,,
696,Newyork,Middletown NY Tesla Supercharger, Middletown NY ,,
697,Newyork,New Rochelle NY Supercharger, 33 LeCount Place and Huguenot Street New Rochelle NY 10801-6408, Roadside Assistance: (877) 798-3752,8
698,Newyork,New York NY - E 47th Street Supercharger, 212 East 47th Street New York 10017, Roadside Assistance: (877) 798-3752,4
699,Newyork,New York NY - Mott Street Supercharger, 106 Mott Street New York NY 10013-4600, Roadside Assistance: (877) 798-3752,2
700,Newyork,New York NY - West 75th Street Supercharger, 201 W 75th Street New York 10023-1704, Roadside Assistance: (877) 798-3752,
701,Newyork,Newburgh Supercharger, 1217 NY-300 Newburgh NY 12550, Roadside Assistance: (877) 798-3752,6
702,Newyork,Oneonta NY Tesla Supercharger, Oneonta NY ,,
703,Newyork,Ossining NY Tesla Supercharger, Ossining NY ,,
704,Newyork,Plainview NY Tesla Supercharger, Plainview NY ,,
705,Newyork,Plattsburgh Supercharger, 60 Smithfield Blvd Plattsburgh NY 12901, Roadside Assistance: (877) 798-3752,8
706,Newyork,Port Chester NY Tesla Supercharger, Port Chester NY ,,
707,Newyork,Queens NY Tesla Supercharger ,Queens NY ,,
708,Newyork,Queensbury Supercharger, 578 Aviation Road Queensbury NY 12804, Roadside Assistance: (877) 798-3752,8
709,Newyork,Roscoe NY Tesla Supercharger, Roscoe NY ,,
710,Newyork,Salamanca NY Tesla Supercharger, Salamanca NY ,,
711,Newyork,Scarsdale NY Tesla Supercharger, Scarsdale NY ,,
712,Newyork,Shirley NY Tesla Supercharger, Shirley NY ,,
713,Newyork,Southampton Supercharger, 850 County Road 39 Southampton NY 11968, Roadside Assistance: (877) 798-3752,8
714,Newyork,Syracuse Supercharger, 441 Electronics Parkway Liverpool NY 13088, Roadside Assistance: (877) 798-3752,8
715,Newyork,Tarrytown Supercharger, 600 White Plains Road Tarrytown NY 10591-5104, Roadside Assistance: (877) 798-3752,12
716,Newyork,Upper East Side NY Tesla Supercharger, Upper East Side NY ,,
717,Newyork,Utica Supercharger, 50 Auert Ave. Utica NY 13501, Roadside Assistance: (877) 798-3752,8
718,Newyork,Valley Stream NY Supercharger, 2034 Green Acres Mall Sunrise Highway Valley Stream,,16
719,Newyork,Victor Supercharger, 7979 Pittsford Victor Rd Victor NY 14564, Roadside Assistance: (877) 798-3752,8
720,Newyork,Wantagh NY Tesla Supercharger, Wantagh NY ,,
721,Newyork,Waterloo Supercharger, 1133 Route 414 Waterloo NY 13165, Roadside Assistance: (877) 798-3752,8
722,Newyork,Watertown Supercharger, 21182 Salmon Run Mall Loop W Watertown NY 13601, Roadside Assistance: (877) 798-3752,8
723,Newyork,West Nyack NY Tesla Supercharger, West Nyack NY ,,
724,Newyork,White Plains NY Tesla Supercharger, White Plains NY ,,
725,Newyork,Woodbury NY Tesla Supercharger, Woodbury NY ,,
726,Newyork,Yonkers NY Tesla Supercharger, Yonkers NY ,,
727,North Carolina,Asheville Supercharger, 800 Brevard Road Asheville NC 28806, Roadside Assistance: (877) 798-3752,8
728,North Carolina,Burlington NC Supercharger, 1080 Piper Ln Burlington NC 27215, Roadside Assistance: (877) 798-3752,8
729,North Carolina,Charlotte Supercharger, 2720 W Mallard Creek Church Rd Charlotte NC 28262, Roadside Assistance: (877) 798-3752,8
730,North Carolina,Durham NC Tesla Supercharger, Durham NC ,,
731,North Carolina,Fayetteville NC Supercharger, 1965 Cedar Creek Road Fayetteville NC 28312, Roadside Assistance: (877) 798-3752,16
732,North Carolina,Greensboro NC Supercharger, 5421 Hornaday Road Greensboro NC 27407-2747, Roadside Assistance: (877) 798-3752,8
733,North Carolina,Lumberton Supercharger, 5093 Fayetteville Rd. Lumberton NC 28358, Roadside Assistance: (877) 798-3752,4
734,North Carolina,Plymouth NC Supercharger, 840 U.S. 64 Plymouth NC 27962, Roadside Assistance: (877) 798-3752,8
735,North Carolina,Point Harbor NC Tesla Supercharger, Point Harbor NC ,,
736,North Carolina,Raleigh NC Supercharger, Lassiter at North Hills Ave Raleigh NC 27609-5780, Roadside Assistance: (877) 798-3752,12
737,North Carolina,Rocky Mount NC Supercharger, 651 N. Winstead Avenue Rocky Mount NC 27804, Roadside Assistance: (877) 798-3752,8
738,North Carolina,Wallace NC Tesla Supercharger, Wallace NC ,,8
739,North Carolina,Wilmington Supercharger, 6835 Conservation Way Wilmington NC 28405-4191, Roadside Assistance: (877) 798-3752,10
740,North Dakota,Bismarck ND Tesla Supercharger, Bismarck ND ,,
741,North Dakota,Dickinson ND Tesla Supercharger, Dickinson ND ,,
742,North Dakota,Fargo ND Tesla Supercharger, Fargo ND ,,
743,North Dakota,Grand Forks ND Tesla Supercharger, Grand Forks ND ,,
744,North Dakota,Jamestown ND Tesla Supercharger, Jamestown ND ,,
745,North Dakota,Pembina ND Tesla Supercharger, Pembina ND ,,
746,Ohio,Akron OH Tesla Supercharger, Akron OH ,,
747,Ohio,Cambridge OH Supercharger, 2101 Southgate Parkway Cambridge OH 43725-3080 ,,8
748,Ohio,Chillicothe OH Tesla Supercharger, Chillicothe OH ,,
749,Ohio,Cincinatti OH,9111 Blue Ash Road Cincinnati OH 45242 , Roadside Assistance: (877) 798-3752,8
750,Ohio,Cleveland OH Tesla Supercharger, Cleveland OH ,,
751,Ohio,Columbus OH Tesla Supercharger, Columbus OH ,,
752,Ohio,Dayton OH Supercharger, 9200 N Main Street Dayton OH 45415, Roadside Assistance: (877) 798-3752,8
753,Ohio,Dublin OH Tesla Supercharger, Dublin OH ,,
754,Ohio,Grove City Supercharger, 2221 Stringtown Rd Grove City OH 43123, Roadside Assistance: (877) 798-3752,8
755,Ohio,Lima Supercharger, 1933 Roschman Ave. Lima OH 45804, Roadside Assistance: (877) 798-3752,8
756,Ohio,Macedonia OH Supercharger, 8210 Macedonia Commons Blvd. Macedonia OH 44056, Roadside Assistance: (877) 798-3752,6
757,Ohio,Maumee OH Supercharger, 1391 Conant Street Maumee OH 43537, Roadside Assistance: (877) 798-3752,8
758,Ohio,Mt. Gilead Supercharger, 6200 State Route 95 Mt. Gilead OH 43338-9548, Roadside Assistance: (877) 798-3752,8
759,Ohio,Polaris OH Tesla Supercharger, Polaris OH ,,
760,Ohio,Sandusky OH Tesla Supercharger, Sandusky OH ,,
761,Ohio,Sheffield OH Supercharger, 5295 Detroit Road Sheffield OH 44054-2902, Roadside Assistance: (877) 798-3752,8
762,Ohio,Strongsville OH Supercharger, 9037 Pearl Road Strongsville OH 44136, Roadside Assistance: (877) 798-3752,8
763,Ohio,Toledo OH Supercharger, 1500 E. Alexis Road Toledo OH 43612-3952, Roadside Assistance: (877) 798-3752,10
764,Ohio,West Cincinnati OH Supercharger, 6550 Harrison Avenue Cincinnati OH 45247, Roadside Assistance: (877) 798-3752,12
765,Oklahoma,Ardmore Supercharger, 322 Holiday Drive Ardmore OK 73401, Roadside Assistance: (877) 798-3752,6
766,Oklahoma,Catoosa Supercharger, 777 W. Cherokee St. Catoosa OK 74015, Roadside Assistance: (877) 798-3752,8
767,Oklahoma,Henryetta OK Tesla Supercharger, Henryetta OK ,,
768,Oklahoma,Oklahoma City Supercharger, 7624 West Reno Ave 380 Oklahoma City OK 73127, Roadside Assistance: (877) 798-3752,8
769,Oklahoma,Perry Supercharger, 2812 Fir Street Perry OK 73077, Roadside Assistance: (877) 798-3752,6
770,Oklahoma,Weatherford Supercharger, 1301 N Airport Rd Weatherford OK 73096, Roadside Assistance: (877) 798-3752,6
771,Oregon,Baker City Supercharger, 1 Sunridge Lane Baker City OR 97814, Roadside Assistance: (877) 798-3752,8
772,Oregon,Bandon Supercharger, 120 Michigan Ave. NE Bandon OR 97411, Roadside Assistance: (877) 798-3752,8
773,Oregon,Bend Supercharger, 61535 S Highway 97 Bend OR 97702, Roadside Assistance: (877) 798-3752,8
774,Oregon,Boardman OR Tesla Supercharger, Boardman OR ,,
775,Oregon,Burns OR Tesla Supercharger, Burns OR ,,
776,Oregon,Detroit OR Supercharger, 210 D Street Detroit OR 97342, Roadside Assistance: (877) 798-3752,6
777,Oregon,Grants Pass Supercharger, 1900 NW 6th St. Grants Pass OR 97526, Roadside Assistance: (877) 798-3752,8
778,Oregon,Hood River OR Tesla Supercharger, Hood River OR ,,
779,Oregon,Klamath Falls Supercharger, 2655 Shasta Way Klamath Falls OR 97603-4455, Roadside Assistance: (877) 798-3752,8
780,Oregon,Lincoln City Supercharger, 1500 SE East Devils Lake Rd. Lincoln City OR 97367, Roadside Assistance: (877) 798-3752,8
781,Oregon,Madras OR Tesla Supercharger, Madras OR ,,
782,Oregon,Newport OR Tesla Supercharger, Newport OR ,,
783,Oregon,Ontario OR Tesla Supercharger, Ontario OR ,,
784,Oregon,Pendleton Supercharger, 46510 Wildhorse Blvd. Pendleton OR 97801, Roadside Assistance: (877) 798-3752,8
785,Oregon,Portland OR Tesla Supercharger, Portland OR ,,
786,Oregon,Portland OR - NW Tesla Supercharger, Portland OR ,,
787,Oregon,Portland OR - NE Tesla Supercharger, Portland OR ,,
788,Oregon,Portland OR - SE Tesla Supercharger, Portland OR ,,
789,Oregon,Roseburg OR Tesla Supercharger, Roseburg OR ,,
790,Oregon,Salem OR Tesla Supercharger, Salem OR ,,
791,Oregon,Sandy Supercharger, 16625 SE 362nd Dr. Sandy OR 97055, Roadside Assistance: (877) 798-3752,8
792,Oregon,Seaside OR Supercharger, 1111 N Roosevelt Dr Seaside OR 97138, Roadside Assistance: (877) 798-3752,8
793,Oregon,Springfield OR Supercharger, 919 Kruse Way Springfield OR 97477, Roadside Assistance: (877) 798-3752,15
794,Oregon,The Dalles OR Supercharger, 2114 West 6th Street The Dalles OR 97058, Roadside Assistance: (877) 798-3752,5
795,Oregon,Tigard OR Supercharger, 9585 Southwest Washington Square Road Tigard OR 97223, Roadside Assistance: (877) 798-3752,10
796,Oregon,Woodburn Supercharger, 255 N Arney Rd Woodburn OR 97071, Roadside Assistance: (877) 798-3752,8
797,Pennsylvania,Allentown Supercharger, 4680 Broadway Allentown PA 18104, Roadside Assistance: (877) 798-3752,8
798,Pennsylvania,Altoona PA Tesla Supercharger, Altoona PA ,,
799,Pennsylvania,Bellefonte PA Supercharger, 170 Buckaroo Ln Bellefonte PA 16823-9119, Roadside Assistance: (877) 798-3752,8
800,Pennsylvania,Bloomsburg Supercharger, 11 Ricky Ave. Bloomsburg PA 17815, Roadside Assistance: (877) 798-3752,8
801,Pennsylvania,Breezewood Supercharger, 16417 Lincoln Highway Breezewood PA 15533, Roadside Assistance: (877) 798-3752,8
802,Pennsylvania,Bridesburg PA Tesla Supercharger, Bridesburg PA ,,
803,Pennsylvania,Carlisle PA Supercharger, 1720 Harrisburg Pike Carlisle PA 17015, Roadside Assistance: (877) 798-3752,8
804,Pennsylvania,Cranberry Township PA Supercharger, 1308 Freedom Rd Cranberry Township PA 16066, Roadside Assistance: (877) 798-3752,6
805,Pennsylvania,Erie Supercharger, 2225 Down Drive Erie PA 16509, Roadside Assistance: (877) 798-3752,8
806,Pennsylvania,Falls Creek Supercharger, 1867 Rich Highway Falls Creek 15840-9515, Roadside Assistance: (877) 798-3752,8
807,Pennsylvania,Franklin Park PA Supercharger, 2615 Nicholson Road & Wexford Bayne Road Franklin Park PA 15143-8504, Roadside Assistance: (877) 798-3752,8
808,Pennsylvania,Harrisburg Supercharger, 3819 Union Deposit Rd Harrisburg PA 17109, Roadside Assistance: (877) 798-3752,8
809,Pennsylvania,Hermitage Supercharger, 2381 S. Hermitage Road Hermitage PA 16148, Roadside Assistance: (877) 798-3752,8
810,Pennsylvania,King of Prussia PA Tesla Supercharger, King of Prussia PA ,,
811,Pennsylvania,Moosic Supercharger, 1035 Shoppes Blvd Moosic PA 18507-2140, Roadside Assistance: (877) 798-3752,8
812,Pennsylvania,North Huntingdon PA Supercharger, 7821 U.S. 30 North Huntingdon PA 15642-0000, Roadside Assistance: (877) 798-3752,8
813,Pennsylvania,Philadelphia PA Tesla Supercharger, Philadelphia PA ,,
814,Pennsylvania,Pittsburgh PA Tesla Supercharger, Pittsburgh PA ,,
815,Pennsylvania,Plymouth Meeting PA Tesla Supercharger, Plymouth Meeting PA ,,
816,Pennsylvania,Somerset PA Supercharger, 1030 North Center Avenue Somerset PA 15501, Roadside Assistance: (877) 798-3752,6
817,Pennsylvania,Springfield PA Tesla Supercharger, Springfield PA ,,
818,Pennsylvania,Swartzville PA Tesla Supercharger, Swartzville PA ,,
819,Pennsylvania,Tannersville Supercharger, 1000 Premium Outlets Dr Tannersville PA 18372, Roadside Assistance: (877) 798-3752,8
820,Pennsylvania,York PA Tesla Supercharger, York PA ,,
821,Rhode Island,East Greenwich RI Supercharger, 1000 Division St East Greenwich RI 2818, Roadside Assistance: (877) 798-3752,8
822,Rhode Island,Newport RI Tesla Supercharger, Newport RI ,,
823,South Carolina,Charleston SC Tesla Supercharger, Charleston SC ,,
824,South Carolina,Columbia SC Supercharger, 8910 Farrow Road Columbia SC 29203-9729, Roadside Assistance: (877) 798-3752,8
825,South Carolina,Florence SC Supercharger, 2701 David H McLeod Blvd Florence SC 29501-4043, Roadside Assistance: (877) 798-3752,18
826,South Carolina,Greenville Supercharger, 108 Carolina Point Greenville SC 29605, Roadside Assistance: (877) 798-3752,8
827,South Carolina,Myrtle Beach Supercharger, 2000 Coastal Grand Circle Myrtle Beach SC 29577-9798, Roadside Assistance: (877) 798-3752,10
828,South Carolina,Santee SC Supercharger, 114 Bradford Blvd Santee SC 29142, Roadside Assistance: (877) 798-3752,6
829,South Dakota,Custer SD Supercharger, 800 Mount Rushmore Road Custer SD 57730-2033, Roadside Assistance: (877) 798-3752,8
830,South Dakota,Mitchell SD Supercharger, 1305 W. Havens Street Mitchell SD 57301, Roadside Assistance: (877) 798-3752,6
831,South Dakota,Murdo SD Supercharger, 302 W 5th St. Murdo SD 57559, Roadside Assistance: (877) 798-3752,4
832,South Dakota,Oacoma SD Supercharger, 1000 E Dakota Highway 16 Chamberlain SD 57365-0000, Roadside Assistance: (877) 798-3752,8
833,South Dakota,Rapid City SD Supercharger, 2200 N. Maple Ave Rapid City SD 57701, Roadside Assistance: (877) 798-3752,4
834,South Dakota,Sioux Falls SD Supercharger, 1900 South Marion Rd Sioux Falls SD 57106-3636, Roadside Assistance: (877) 798-3752,8
835,South Dakota,Spearfish SD Supercharger, 3275 Old Belle Rd Spearfish SD 57783-6222, Roadside Assistance: (877) 798-3752,6
836,South Dakota,Wall SD Tesla Supercharger, Wall SD ,,
837,Tennessee,Bristol TN Supercharger, 416 Pinnacle Parkway Bristol TN, Roadside Assistance: (877) 798-3752,8
838,Tennessee,Chattanooga TN Supercharger, 1001 Airport Road Chattanooga TN 37421, Roadside Assistance: (877) 798-3752,6
839,Tennessee,Cookeville TN Supercharger, 377 West Jackson Street Cookeville TN 38501-5930, Roadside Assistance: (877) 798-3752,8
840,Tennessee,Dickson TN Supercharger, 100 Barzani Blv Dickson TN 37055-0000, Roadside Assistance: (877) 798-3752,8
841,Tennessee,Jackson TN Supercharger, 56 Casey Jones Lane Jackson TN 38305-2481, Roadside Assistance: (877) 798-3752,8
842,Tennessee,Knoxville Supercharger, 10936 Parkside Dr Knoxville TN 37934, Roadside Assistance: (877) 798-3752,8
843,Tennessee,Manchester TN Tesla Supercharger, Manchester TN ,,
844,Tennessee,Memphis TN Supercharger, 6073 Park Avenue Memphis TN 38119-5322, Roadside Assistance: (877) 798-3752,8
845,Tennessee,Nashville TN Tesla Supercharger, Nashville TN ,,
846,Tennessee,Nashville-Brentwood, 1641 Westgate Circle Nashville TN 37027 , Roadside Assistance: (877) 798-3752,6
847,Texas,Amarillo Supercharger, 8231 West Amarillo Blvd. Amarillo TX 79124, Roadside Assistance: (877) 798-3752,8
848,Texas,Arlington Supercharger, 1200 Ballpark Way Arlington TX 76011-5110, Roadside Assistance: ,10
849,Texas,Austin TX - Downtown Tesla Supercharger, Austin TX ,,
850,Texas,Austin TX Supercharger, 6406 N. Interstate 35 Frontage Road Austin TX 78752-0000, Roadside Assistance: (877) 798-3752,8
851,Texas,Beaumont TX Tesla Supercharger, Beaumont TX ,,
852,Texas,Boerne TX Tesla Supercharger, Boerne TX ,,
853,Texas,Brenham TX Tesla Supercharger, Brenham TX ,,
854,Texas,Cedar Park TX Tesla Supercharger, Cedar Park TX ,,
855,Texas,Channelview Supercharger, 16311 East Fwy Channelview TX 777530, Roadside Assistance: (877) 798-3752,8
856,Texas,Childress Supercharger, 1300 Ave F NW Childress Texas Childress,,8
857,Texas,Cisco Supercharger, 16851 IH 20 Cisco TX 76437, Roadside Assistance: (877) 798-3752,8
858,Texas,College Station TX Tesla Supercharger, College Station TX ,,
859,Texas,Columbus TX Supercharger, 2535 Texas 71 Columbus TX 78934, Roadside Assistance: (877) 798-3752,6
860,Texas,Corsicana Supercharger, 2035 Interstate 45 Frontage Rd Corsicana TX 75109, Roadside Assistance: (877) 798-3752,10
861,Texas,Dallas TX (Downtown) Tesla Supercharger, Dallas TX ,,
862,Texas,Dallas TX - Mesquite Tesla Supercharger, Dallas TX ,,
863,Texas,Dallas TX - North Central Expressway Supercharger, 9740 North Central Expressway Dallas 75231-4302, Roadside Assistance: (877) 798-3752,11
864,Texas,Denton Supercharger, 2700 West University Drive Denton TX 76201, Roadside Assistance: (877) 798-3752,6
865,Texas,Dilley TX Tesla Supercharger, Dilley TX ,,
866,Texas,El Paso Supercharger, 6401 South Desert Boulevard El Paso TX 79932-8515, Roadside Assistance: (877) 798-3752,8
867,Texas,Falfurrias TX Tesla Supercharger, Falfurrias TX ,,
868,Texas,Flatonia Supercharger, 1415 FM 609 Flatonia TX 78941, Roadside Assistance: (877) 798-3752,8
869,Texas,Fort Stockton TX Tesla Supercharger, Fort Stockton TX ,,
870,Texas,Fort Worth TX Tesla Supercharger, Fort Worth TX ,,
871,Texas,Fredericksburg TX Tesla Supercharger, Fredericksburg TX ,,
872,Texas,Houston TX Tesla Supercharger, Houston TX ,,
873,Texas,Houston TX - Katy Tesla Supercharger, Houston TX ,,
874,Texas,Houston TX - Uptown Tesla Supercharger, Houston TX ,,
875,Texas,Houston-North, 14820 North Fwy Houston TX 77090 , Roadside Assistance: (877) 798-3752,6
876,Texas,Huntsville TX Supercharger, 148 Interstate 45 Huntsville TX 77340, Roadside Assistance: (877) 798-3752,6
877,Texas,Italy TX Supercharger, 1021 Dale Evans Drive Italy TX 76651, Roadside Assistance: (877) 798-3752,10
878,Texas,Junction Supercharger, 2415 N Main Street Junction TX 76849-3104, Roadside Assistance: (877) 798-3752,8
879,Texas,Kingsville Supercharger, 2400 South US Hwy 77 Kingsville TX 78363-2844, Roadside Assistance: (877) 798-3752,8
880,Texas,Laredo TX Supercharger, 110 Calle Del Norte Drive Laredo TX 78041-9143, Roadside Assistance: (877) 798-3752,8
881,Texas,Lindale Supercharger, 17044 I-20 Lindale TX 75771, Roadside Assistance: (877) 798-3752,8
882,Texas,Lubbock TX Tesla Supercharger, Lubbock TX ,,
883,Texas,McAllen Supercharger, 800 Convention Center Blvd McAllen 78501-0018, Roadside Assistance: (877) 798-3752,8
884,Texas,Midland Supercharger, Love's Travel Stop 3001 Antelope Trail Midland TX 79706-3525, Roadside Assistance: (877) 798-3752,8
885,Texas,Nacogdoches Supercharger, 2615 NW Stallings Dr Nacogdoches TX 75964-2629, Roadside Assistance: (877) 798-3752,8
886,Texas,Ozona Supercharger, 1307 Ave. A Ozona TX 76943, Roadside Assistance: (877) 798-3752,6
887,Texas,Pecos TX Tesla Supercharger, Pecos TX ,,
888,Texas,Plano TX Supercharger, 7161 Bishop Road Plano TX 75024, Roadside Assistance: (877) 798-3752,12
889,Texas,San Angelo TX Tesla Supercharger, San Angelo TX ,,
890,Texas,San Antonio TX Tesla Supercharger, San Antonio TX ,,
891,Texas,San Marcos TX Supercharger, 3939 Interstate 35 San Marcos TX 78666, Roadside Assistance: (877) 798-3752,5
892,Texas,Selma TX Tesla Supercharger, Selma TX ,,
893,Texas,Shamrock Supercharger, 107 East 12th Street Shamrock TX 79079, Roadside Assistance: (877) 798-3752,6
894,Texas,Southlake TX Supercharger, 261 North Carroll Avenue Southlake TX 76092, Roadside Assistance: (877) 798-3752,10
895,Texas,Sugarland TX Tesla Supercharger, Sugarland TX ,,
896,Texas,Sulphur Springs Supercharger, 300 W Tomlinson Street Sulphur Springs TX 75482, Roadside Assistance: (877) 798-3752,8
897,Texas,Sweetwater Supercharger, 300 SE Georgia Ave. Sweetwater TX 79556, Roadside Assistance: (877) 798-3752,8
898,Texas,Texarkana Supercharger, 3101 Mall Drive Texarkana TX 75503-2434, Roadside Assistance: (877) 798-3752,8
899,Texas,Three Rivers Supercharger, 2645 S. Hwy 37 Three Rivers TX 78071, Roadside Assistance: (877) 798-3752,8
900,Texas,Van Horn Supercharger, 1921 Frontage Rd Van Horn TX 79855, Roadside Assistance: (877) 798-3752,8
901,Texas,Victoria Supercharger, 3107 S Laurent St. Victoria TX 77901, Roadside Assistance: (877) 798-3752,6
902,Texas,Waco Supercharger, 701 Interstate 35 Bellmead TX 76705, Roadside Assistance: (877) 798-3752,10
903,Texas,Wichita Falls TX Tesla Supercharger, Wichita Falls TX ,,
904,Utah,Beaver UT Supercharger, Littlefield Interchange Beaver UT 84713, Roadside Assistance: (877) 798-3752,4
905,Utah,Blanding UT Supercharger, 12 N Grayson Parkway Blanding UT 84511, Roadside Assistance: (877) 798-3752,4
906,Utah,Green River UT Supercharger, 1765 East Main Green River UT 84525, Roadside Assistance: (877) 798-3752,4
907,Utah,Moab UT Supercharger, 16 South Main Street Moab UT 84532, Roadside Assistance: (877) 798-3752,4
908,Utah,Nephi UT Supercharger, 2100 S Main Street Nephi UT 84648, Roadside Assistance: (877) 798-3752,6
909,Utah,Ogden UT Tesla Supercharger, Ogden UT ,,
910,Utah,Park City UT Tesla Supercharger, Park City UT ,,
911,Utah,Price Supercharger, 925 Westwood Blvd. Price UT 84501, Roadside Assistance: (877) 798-3752,8
912,Utah,Provo UT Tesla Supercharger, Provo UT ,,
913,Utah,Richfield UT Supercharger, 20 W 1400 N Richfield UT 84701, Roadside Assistance: (877) 798-3752,4
914,Utah,Salt Lake City-S. State Street, 2312 South State Street South Salt Lake City UT 84115, Store: (801) 596-4620,13
915,Utah,St. George Supercharger, 1091 N Bluff St St. George UT 84770, Roadside Assistance: (877) 798-3752,8
916,Utah,Tooele Supercharger, 1568 East Saddleback Blvd. Tooele UT 84074, Roadside Assistance: (877) 798-3752,6
917,Utah,Tremonton Supercharger, 2145 W Main Street Tremonton UT 84337, Roadside Assistance: (877) 798-3752,6
918,Vermont,Berlin VT Supercharger, 213 Paine Turnpike N Berlin VT 05602, Roadside Assistance: (877) 798-3752,8
919,Vermont,Brattleboro Supercharger, 499 Canal Street Brattleboro VT 5301, Roadside Assistance: (877) 798-3752,8
920,Vermont,Lyndon VT Tesla Supercharger, Lyndon VT ,,
921,Vermont,Rutland VT Tesla Supercharger, Rutland VT ,,
922,Vermont,South Burlington Supercharger, 222 Dorset Street South Burlington VT 05043, Roadside Assistance: (877) 798-3752,8
923,Virgina,Fredericksburg VA Supercharger, 10060 Jefferson Davis Highway Fredericksburg VA 22407, Roadside Assistance: (877) 798-3752,8
924,Virgina,Arlington VA Tesla Supercharger, Arlington VA ,,
925,Virgina,Charlottesville VA Supercharger, 2100 Hydraulic Road Charlottesville Virgina 22901-0000, Roadside Assistance: (877) 798-3752,8
926,Virgina,Chester Supercharger, 11701 Jefferson Davis Highway Chester VA 23831, Roadside Assistance: (877) 798- 3752,8
927,Virgina,Fairfax VA Tesla Supercharger, Fairfax VA ,,
928,Virgina,Gainesville VA Tesla Supercharger, Gainesville VA ,,
929,Virgina,Glen Allen VA Supercharger, 9950 Brook Rd Glen Allen VA 23059, Roadside Assistance: (877) 798-3752,20
930,Virgina,Leesburg VA Tesla Supercharger, Leesburg VA ,,
931,Virgina,Lexington Supercharger, 880 N Lee Hwy Lexington VA 24450, Roadside Assistance: (877) 798-3752,6
932,Virgina,Mt. Jackson VA Supercharger, 227 Conicville Rd Mt. Jackson VA 22842, Roadside Assistance: (877) 798-3752,8
933,Virgina,Newport News VA Tesla Supercharger, Newport News VA ,,
934,Virgina,Norfolk Supercharger, 5900 E Virginia Beach Blvd Norfolk VA 23502, Roadside Assistance: (877) 798-3752,6
935,Virgina,Richmond VA Supercharger, 4441 S Laburnum Ave Richmond VA 23231-0000, Roadside Assistance: (877) 798-3752,20
936,Virgina,Roanoke VA Tesla Supercharger, Roanoke VA ,,
937,Virgina,South Hill VA Supercharger, 1791 North Mecklenburg Avenue South Hill VA 23970, Roadside Assistance: (877) 798-3752,6
938,Virgina,Springfield VA Tesla Supercharger, Springfield VA ,,
939,Virgina,Stauntan VA Tesla Supercharger, Stauntan VA ,,
940,Virgina,Strasburg Supercharger, 119 Hite Lane Strasburg VA 22657, Roadside Assistance: (877) 798-3752,6
941,Virgina,Tysons VA Tesla Supercharger, Tysons VA ,,
942,Virgina,Woodbridge Supercharger, 2700 Potomac Mills Circle Woodbridge VA 22192, Roadside Assistance: (877) 798-3752,10
943,Virgina,Wytheville Supercharger, 165 Malin Drive Wytheville VA 24382, Roadside Assistance: (877) 798-3752,6
944,Washington,Aberdeen Supercharger, 416 Wishkah Street Aberdeen WA 98520-4133, Roadside Assistance: (877) 798--3752,8
945,Washington,Arlington WA Supercharger, 3438 Stoluckquamish Lane Arlington WA, Roadside Assistance: (877) 798-3752,16
946,Washington,Bellevue WA Tesla Supercharger, Bellevue WA ,,
947,Washington,Burlington WA Supercharger, 9384 Old Highway 99 North Burlington WA 98233, Roadside Assistance: (877) 798-3752,8
948,Washington,Centralia Supercharger, 1200 Lum Rd Centralia WA 98531, Roadside Assistance: (877) 798-3752,20
949,Washington,Chelan WA Tesla Supercharger, Chelan WA ,,
950,Washington,Ellensburg Supercharger, 1620 Canyon Rd Ellensburg WA 98926, Roadside Assistance: (877) 798-3752,5
951,Washington,Ellensburg WA Tesla Supercharger, Ellensburg WA ,,
952,Washington,Enumclaw WA Tesla Supercharger, Enumclaw WA ,,
953,Washington,Forks WA Tesla Supercharger, Forks WA ,,
954,Washington,Issaquah WA Tesla Supercharger, Issaquah WA ,,
955,Washington,Kennewick Supercharger, 2811 West 10th Ave Kennewick WA 99336, Roadside Assistance: (877) 798-3752,8
956,Washington,Kirkland WA - Totem Lake Tesla Supercharger, Kirkland WA ,,
957,Washington,Longview WA Tesla Supercharger, Longview WA ,,
958,Washington,Lynnwood WA Supercharger, 2902 164th Street SW Lynnwood WA 98087 ,oadside Assistance: (877) 798-3752,10
959,Washington,Monroe WA Supercharger, 18805 US-2 Monroe WA, Roadside Assistance: (877) 798-3752,
960,Washington,Okanogan WA Tesla Supercharger, Okanogan WA ,,
961,Washington,Olympia WA Tesla Supercharger, Olympia WA ,,
962,Washington,Ritzville Supercharger, 105 W Galbreath Way Ritzville WA 99169, Roadside Assistance: (877) 798-3752,12
963,Washington,Ritzville WA Tesla Supercharger, Ritzville WA ,,
964,Washington,Seattle WA Tesla Supercharger, Seattle WA ,,
965,Washington,Seattle WA - Northgate Tesla Supercharger, Seattle WA ,,
966,Washington,Seattle WA - University Village Tesla Supercharger, Seattle WA ,,
967,Washington,Sequim Supercharger, 1441 E Washington Street Sequim WA 98382-3503, Roadside Assistance: (877) 798-3752,8
968,Washington,Snoqualmie WA Tesla Supercharger, Snoqualmie WA ,,
969,Washington,Spokane WA Tesla Supercharger, Spokane WA ,,
970,Washington,Tacoma WA Tesla Supercharger, Tacoma WA ,,
971,Washington,Vancouver WA Supercharger, 800 NE Tenney Road Vancouver WA 98685-2832, Roadside Assistance: (877) 798-3752,12
972,Washington,Wenatchee WA Tesla Supercharger, Wenatchee WA ,,
973,Washington,Yakima WA Tesla Supercharger, Yakima WA ,,
974,West Virginia,Charleston WV Supercharger, 2 Kanawha Boulevard E Charleston WV 25301, Roadside Assistance: (877) 798-3752,8
975,West Virginia,Huntington WV Supercharger, 432 18th Street West Huntington WV 25704-1509, Roadside Assistance: (877) 798-3752,8
976,West Virginia,Morgantown Supercharger, 21 Asturias Lane Morgantown WV 26508-1324, Roadside Assistance: (877) 798-3752,8
977,West Virginia,Mt. Hope WV Supercharger, 5481 Robert C. Byrd Drive Mt. Hope WV 25880, Roadside Assistance: (877) 798-3752,8
978,West Virginia,Parkersburg WV Tesla Supercharger, Parkersburg WV ,,
979,West Virginia,Weston WV Supercharger, 39 Berlin Road Weston WV 26452-8367, Roadside Assistance: (877) 798-3752,8
980,West Virginia,Martinsburg WV Supercharger, 1465 Edwin Miller Blvd Martinsburg WV 25401, Roadside Assistance: (877) 798-3752,8
981,West Virginia,Triadelphia WV Supercharger, 35 Bob Wise Drive Triadelphia WV 26059, Roadside Assistance: (877) 798-3752,4
982,Wisconsin,Eau Claire WI Supercharger, 4601 Keystone Crossing Eau Claire WI 54701, Roadside Assistance: (877) 798-3752,6
983,Wisconsin,Howard WI Supercharger, 2015 Shawano Avenue Howard Wisconsin 54303-2606, Roadside Assistance: (877) 798-3752,8
984,Wisconsin,La Crosse Supercharger, 2845 Midwest Dr Onalaska WI 54650, Roadside Assistance: (877) 798-3752,6
985,Wisconsin,Lake Geneva WI Tesla Supercharger, Lake Geneva WI ,,
986,Wisconsin,Madison WI - E. Washington Ave. Supercharger, 3801 E. Washington Ave Madison WI 53704, Roadside Assistance: (877) 798-3752,
987,Wisconsin,Madison WI East Towne Mall Supercharger, 89 East Towne Mall Madison WI 53704, Roadside Assistance: (877) 798-3752,8
988,Wisconsin,Mauston WI Supercharger, 640 McEvoy St Mauston WI 53948, Roadside Assistance: (877) 798-3752,3
989,Wisconsin,Milwaukee WI Tesla Supercharger, Milwaukee WI ,,6
990,Wisconsin,Oak Creek WI Supercharger, 171 West Town Square Way Oak Creek WI 53154-6801, Roadside Assistance: (877) 798-3752,10
991,Wisconsin,Oshkosh WI Supercharger, 2415 Westowne Avenue Oshkosh WI 54904-7776, Roadside Assistance: (877) 798-3752,6
992,Wisconsin,Pleasant Prairie WI Supercharger, 11211 120th Ave Pleasant Prairie WI 53158, Roadside Assistance: (877) 798-3752,8
993,Wisconsin,Sheboygan Supercharger, 595 S Taylor Drive Sheboygan WI 53081, Roadside Assistance: (877) 798-3752,8
994,Wisconsin,Sturgeon Bay WI Tesla Supercharger, Sturgeon Bay WI ,,
995,Wisconsin,Waukesha WI Tesla Supercharger, Waukesha WI ,,
996,Wisconsin,Wausau WI - North Mountain Rd Supercharger, 2101 North Mountain Rd Wausau WI 54401-8117, Roadside Assistance: (877) 798-3752,8
997,Wyoming,Casper WY Tesla Supercharger, Casper WY ,,
998,Wyoming,Cheyenne WY Supercharger, 1400 Dell Range Blvd. Cheyenne WY 82009, Roadside Assistance: (877) 798-3752,4
999,Wyoming,Cody WY Tesla Supercharger, Cody WY ,,
1000,Wyoming,Evanston Supercharger, 101 Wasatch Rd Evanston WY 82930-3094, Roadside Assistance: (877) 798-3752,8
1001,Wyoming,Gillette Supercharger, 211 Decker Court Gillette WY 82716, Roadside Assistance: (877) 798-3752,4
1002,Wyoming,Jackson Supercharger, 1155 US-89 Jackson WY 83001, Roadside Assistance: (877) 798-3752,8
1003,Wyoming,Laramie WY Supercharger, 1673 Centennial Drive Laramie WY 82070-8417, Roadside Assistance: (877) 798-3752,8
1004,Wyoming,Lusk WY Supercharger, 730 S Main St Lusk WY 82225, Roadside Assistance: (877) 798-3752,4
1005,Wyoming,Rawlins Supercharger, 2370 E Cedar St. Rawlins WY 82301-6026, Roadside Assistance: (877) 798-3752,8
1006,Wyoming,Rock Springs Supercharger, 2441 Foothill Blvd Rock Springs 82901-5659, Roadside Assistance: (877) 798-3752,8
1007,Wyoming,Sheridan Supercharger, 612 North Main Street Sheridan WY 82801, Roadside Assistance: (877) 798-3752,4
1008,Wyoming,Wheatland WY Supercharger, 1556 Sherard Road Wheatland WY 82201-8927, Roadside Assistance: (877) 798-3752,8